url,id
https://yandex.com/maps/org/coffeemania/1116828534/,1116828534
https://yandex.com/maps/org/coffeemania/1755343392/,1755343392
https://yandex.com/maps/org/courchevel/1019799556/,1019799556
https://yandex.com/maps/org/dacha/60462302103/,60462302103
https://yandex.com/maps/org/davidoff/243289398296/,243289398296
https://yandex.com/maps/org/de_bassus/1092172393/,1092172393
https://yandex.com/maps/org/delirium_tremens_pub/159032195322/,159032195322
https://yandex.com/maps/org/demokrat_bar_kitchen/59684953269/,59684953269
https://yandex.com/maps/org/dictatura_stetica_bar/174997832029/,174997832029
https://yandex.com/maps/org/dikiy_ulov/76394084642/,76394084642
https://yandex.com/maps/org/dom_8a/71820329187/,71820329187
https://yandex.com/maps/org/drunken_duck_pub/1202136662/,1202136662
https://yandex.com/maps/org/druzhba/1048985534/,1048985534
https://yandex.com/maps/org/druzhba/13957089341/,13957089341
https://yandex.com/maps/org/duets/1058723195/,1058723195
https://yandex.com/maps/org/dusha/68249623515/,68249623515
https://yandex.com/maps/org/dzhordzhiya/1039760623/,1039760623
https://yandex.com/maps/org/easy_brix/1205359480/,1205359480
https://yandex.com/maps/org/el_gauchito/1329695904/,1329695904
https://yandex.com/maps/org/enjoylife/1219861708/,1219861708
https://yandex.com/maps/org/eshak/1304758532/,1304758532
https://yandex.com/maps/org/florentini/38321714204/,38321714204
https://yandex.com/maps/org/flotilla_radisson_royal/1111998593/,1111998593
https://yandex.com/maps/org/garda/82519150823/,82519150823
https://yandex.com/maps/org/garda_bar/28763601123/,28763601123
https://yandex.com/maps/org/gastrofish/121609714668/,121609714668
https://yandex.com/maps/org/golden_ring/89527518058/,89527518058
https://yandex.com/maps/org/grillvich/29659583131/,29659583131
https://yandex.com/maps/org/gruzinskiye_kanikuly/118980377400/,118980377400
https://yandex.com/maps/org/guava_bar/72867250453/,72867250453
https://yandex.com/maps/org/guliani/1360572988/,1360572988
https://yandex.com/maps/org/guns_bears_pub/54535786666/,54535786666
https://yandex.com/maps/org/harat_pub/34765111186/,34765111186
https://yandex.com/maps/org/harat_s_pub/37283665136/,37283665136
https://yandex.com/maps/org/heritage/86587302598/,86587302598
https://yandex.com/maps/org/igloobar/14972326135/,14972326135
https://yandex.com/maps/org/il_pittore/1116147358/,1116147358
https://yandex.com/maps/org/in_the_dark_/1325192770/,1325192770
https://yandex.com/maps/org/insam/141959627371/,141959627371
https://yandex.com/maps/org/jasmin_korean_food/1099742628/,1099742628
https://yandex.com/maps/org/jim_s/131227330889/,131227330889
https://yandex.com/maps/org/jimmy_poy/1255247160/,1255247160
https://yandex.com/maps/org/john_bull_pub/1040475875/,1040475875
https://yandex.com/maps/org/kadril/1153404333/,1153404333
https://yandex.com/maps/org/kafe_stary_batum/1217364000/,1217364000
https://yandex.com/maps/org/kaifin/1023608131/,1023608131
https://yandex.com/maps/org/karaoke_club_mimonot/65873155952/,65873155952
https://yandex.com/maps/org/khinkalnaya/92230330995/,92230330995
https://yandex.com/maps/org/knyazhy_dvorik/51334127914/,51334127914
https://yandex.com/maps/org/kofemaniya/1057434534/,1057434534
https://yandex.com/maps/org/kofemaniya/1242233919/,1242233919
https://yandex.com/maps/org/kranzler/1060710949/,1060710949
https://yandex.com/maps/org/kupets/56603447948/,56603447948
https://yandex.com/maps/org/la_mar_e/1152474031/,1152474031
https://yandex.com/maps/org/la_maree/1207011177/,1207011177
https://yandex.com/maps/org/la_piazza/1111954776/,1111954776
https://yandex.com/maps/org/la_promenade/1277845884/,1277845884
https://yandex.com/maps/org/largo/63757866213/,63757866213
https://yandex.com/maps/org/lele_kitchen_wine/64638427991/,64638427991
https://yandex.com/maps/org/lesnoy/8871161300/,8871161300
https://yandex.com/maps/org/leto/231271242526/,231271242526
https://yandex.com/maps/org/lido/1083757235/,1083757235
https://yandex.com/maps/org/lila/131296398435/,131296398435
https://yandex.com/maps/org/limoncino/1048422783/,1048422783
https://yandex.com/maps/org/linderhof/92551149769/,92551149769
https://yandex.com/maps/org/lion_head_pub/1758842876/,1758842876
https://yandex.com/maps/org/lobbi_bar_orlov/141155012221/,141155012221
https://yandex.com/maps/org/lumberjack/1178045848/,1178045848
https://yandex.com/maps/org/makadamiya/166673920364/,166673920364
https://yandex.com/maps/org/malakhovka_palace/211383945363/,211383945363
https://yandex.com/maps/org/mario/1088430706/,1088430706
https://yandex.com/maps/org/massimo_restaurant_by_astrus/1046994151/,1046994151
https://yandex.com/maps/org/mc_traders/142427208883/,142427208883
https://yandex.com/maps/org/meat_fish/185630472879/,185630472879
https://yandex.com/maps/org/metropol_hall/137779590454/,137779590454
https://yandex.com/maps/org/miller/81216784283/,81216784283
https://yandex.com/maps/org/mimino/1394260832/,1394260832
https://yandex.com/maps/org/mimino/226875428107/,226875428107
https://yandex.com/maps/org/modniki/41894691412/,41894691412
https://yandex.com/maps/org/moldovan_cuisine_restaurant_casa_maria/60013622918/,60013622918
https://yandex.com/maps/org/mollie_moscow/1195201760/,1195201760
https://yandex.com/maps/org/moskovsky/1396549378/,1396549378
https://yandex.com/maps/org/musafir/65335346148/,65335346148
https://yandex.com/maps/org/na_lune/51856796955/,51856796955
https://yandex.com/maps/org/nebo_lounge/215406782346/,215406782346
https://yandex.com/maps/org/nomer_15/145236306861/,145236306861
https://yandex.com/maps/org/noor_bar_electro/1106573003/,1106573003
https://yandex.com/maps/org/noosh/1739326288/,1739326288
https://yandex.com/maps/org/olymp_junior/160621423208/,160621423208
https://yandex.com/maps/org/oriental_cocktail_bar/71847350363/,71847350363
https://yandex.com/maps/org/osteria_mario/141071855718/,141071855718
https://yandex.com/maps/org/osteria_mario/146401293243/,146401293243
https://yandex.com/maps/org/osteria_mario/17537516237/,17537516237
https://yandex.com/maps/org/osteria_mario/1770857727/,1770857727
https://yandex.com/maps/org/paradiz/110104333063/,110104333063
https://yandex.com/maps/org/parisienne/1019165916/,1019165916
https://yandex.com/maps/org/pechora/200588222453/,200588222453
https://yandex.com/maps/org/petrovich/1156119939/,1156119939
https://yandex.com/maps/org/pili_eli_chyo_khoteli/166052162196/,166052162196
https://yandex.com/maps/org/pitapita/45637633838/,45637633838
https://yandex.com/maps/org/podyezd/1222344086/,1222344086
https://yandex.com/maps/org/point_rouge/1354396533/,1354396533
https://yandex.com/maps/org/prime_times/1007145988/,1007145988
https://yandex.com/maps/org/prosnis_i_poy/1284087276/,1284087276
https://yandex.com/maps/org/ptitsy_i_pchyoly/1677778445/,1677778445
https://yandex.com/maps/org/putina/185467955546/,185467955546
https://yandex.com/maps/org/qartuli_tsarskaya_ploshad/66472684558/,66472684558
https://yandex.com/maps/org/quadrum/1195533530/,1195533530
https://yandex.com/maps/org/ray/1079475526/,1079475526
https://yandex.com/maps/org/restaurant_1715/16673590267/,16673590267
https://yandex.com/maps/org/restaurant_aikhal/142777974539/,142777974539
https://yandex.com/maps/org/restaurant_at_the_moscow_golf_club/1188444847/,1188444847
https://yandex.com/maps/org/restaurant_fabrice/135803689777/,135803689777
https://yandex.com/maps/org/restaurant_first_only/245380310376/,245380310376
https://yandex.com/maps/org/restoran_chalet/1061362467/,1061362467
https://yandex.com/maps/org/restoran_grut/1937672586/,1937672586
https://yandex.com/maps/org/restoran_razgulyay/1206733820/,1206733820
https://yandex.com/maps/org/restoran_usadba/1025087318/,1025087318
https://yandex.com/maps/org/restoran_zagorodny_dvorik/204174490878/,204174490878
https://yandex.com/maps/org/reutov/1215065085/,1215065085
https://yandex.com/maps/org/revolyutsiya_kukhnya/113793542208/,113793542208
https://yandex.com/maps/org/rfr_grill/1171490775/,1171490775
https://yandex.com/maps/org/ribambelle/1151331276/,1151331276
https://yandex.com/maps/org/roka_park_collection/222198044752/,222198044752
https://yandex.com/maps/org/romanov/1101183144/,1101183144
https://yandex.com/maps/org/romantic/1129729083/,1129729083
https://yandex.com/maps/org/rotonda/1118205087/,1118205087
https://yandex.com/maps/org/royal_plove/1074954977/,1074954977
https://yandex.com/maps/org/royal_space_by_royal_arbat/123148773953/,123148773953
https://yandex.com/maps/org/russky_dom/1086485443/,1086485443
https://yandex.com/maps/org/rybatskaya_derevnya/1222291858/,1222291858
https://yandex.com/maps/org/rybtorg/23267710575/,23267710575
https://yandex.com/maps/org/sadu/1258946278/,1258946278
https://yandex.com/maps/org/salazkin/62380661159/,62380661159
https://yandex.com/maps/org/sam_prishyol/1744601294/,1744601294
https://yandex.com/maps/org/sandal/1223752433/,1223752433
https://yandex.com/maps/org/schastlivaya_shchuka/203201594029/,203201594029
https://yandex.com/maps/org/schwarzkaiser/1776845695/,1776845695
https://yandex.com/maps/org/sea_toria/1014325819/,1014325819
https://yandex.com/maps/org/seasons/1144857682/,1144857682
https://yandex.com/maps/org/seasons/31833410990/,31833410990
https://yandex.com/maps/org/shah_dag/1010878538/,1010878538
https://yandex.com/maps/org/shahin_shah/1206611066/,1206611066
https://yandex.com/maps/org/sherbet/1299867061/,1299867061
https://yandex.com/maps/org/shinok/1017820752/,1017820752
https://yandex.com/maps/org/shvili/219602839005/,219602839005
https://yandex.com/maps/org/shvili/66013732000/,66013732000
https://yandex.com/maps/org/sigma/8695248640/,8695248640
https://yandex.com/maps/org/silk_lounge/18370318374/,18370318374
https://yandex.com/maps/org/siren/1143340665/,1143340665
https://yandex.com/maps/org/skazka_pushkina/167528250023/,167528250023
https://yandex.com/maps/org/smoothie_coffee/32534188994/,32534188994
https://yandex.com/maps/org/sono/151420152487/,151420152487
https://yandex.com/maps/org/soul_spirits/79435802142/,79435802142
https://yandex.com/maps/org/stantsiya/1754685809/,1754685809
https://yandex.com/maps/org/staraya_bashnya/1038554133/,1038554133
https://yandex.com/maps/org/staryj_sychuan/22543517652/,22543517652
https://yandex.com/maps/org/stay_true_bar/1344364446/,1344364446
https://yandex.com/maps/org/steak_it_easy/1804737784/,1804737784
https://yandex.com/maps/org/steik/1240589292/,1240589292
https://yandex.com/maps/org/steyk_khaus_butcher/1118056242/,1118056242
https://yandex.com/maps/org/sultan_palace/1086714369/,1086714369
https://yandex.com/maps/org/sumosan/193173504072/,193173504072
https://yandex.com/maps/org/sure/1242904568/,1242904568
https://yandex.com/maps/org/sushi_set/1794905615/,1794905615
https://yandex.com/maps/org/svetly/1139349374/,1139349374
https://yandex.com/maps/org/syrovarnya/126788953563/,126788953563
https://yandex.com/maps/org/syrovarnya/180136653257/,180136653257
https://yandex.com/maps/org/sytaya_utka/1052955290/,1052955290
https://yandex.com/maps/org/tatlin/1206537928/,1206537928
https://yandex.com/maps/org/teatr_korsha/1098413329/,1098413329
https://yandex.com/maps/org/tenili/27640809842/,27640809842
https://yandex.com/maps/org/terrasa/1122216740/,1122216740
https://yandex.com/maps/org/the_baltschug_grill/1172753132/,1172753132
https://yandex.com/maps/org/the_ermine_pub/65066306752/,65066306752
https://yandex.com/maps/org/the_left_bank/34276684304/,34276684304
https://yandex.com/maps/org/the_lounge_bar/1063953319/,1063953319
https://yandex.com/maps/org/the_park/1216022403/,1216022403
https://yandex.com/maps/org/the_refuge/8434272993/,8434272993
https://yandex.com/maps/org/timur/1002469070/,1002469070
https://yandex.com/maps/org/trikster/226810397670/,226810397670
https://yandex.com/maps/org/troye_v_lodke/26583346807/,26583346807
https://yandex.com/maps/org/trubadur/216348593730/,216348593730
https://yandex.com/maps/org/tsytsyla/1251147560/,1251147560
https://yandex.com/maps/org/tutto_bene/1149218470/,1149218470
https://yandex.com/maps/org/u_pirosmani/1048639977/,1048639977
https://yandex.com/maps/org/uryuk/1110249200/,1110249200
https://yandex.com/maps/org/village_kitchen/1398130573/,1398130573
https://yandex.com/maps/org/virgins/1222976018/,1222976018
https://yandex.com/maps/org/vladimir/1043573167/,1043573167
https://yandex.com/maps/org/vodniy/1091847841/,1091847841
https://yandex.com/maps/org/volga_volga/1053146031/,1053146031
https://yandex.com/maps/org/vostochnye_vechera/147981085466/,147981085466
https://yandex.com/maps/org/whisky_rooms/1344076335/,1344076335
https://yandex.com/maps/org/white_giraffe/125909487883/,125909487883
https://yandex.com/maps/org/william_bass/1024580226/,1024580226
https://yandex.com/maps/org/wine_bar_13_/83296986872/,83296986872
https://yandex.com/maps/org/wine_bar_la_carta/28763478876/,28763478876
https://yandex.com/maps/org/yar/102990232094/,102990232094
https://yandex.com/maps/org/yoko/1795643652/,1795643652
https://yandex.com/maps/org/yorkshir/1024128334/,1024128334
https://yandex.com/maps/org/yorsh/1237365862/,1237365862
https://yandex.com/maps/org/yumbaker_gardens/1261181562/,1261181562
https://yandex.com/maps/org/zagorodny/1176298839/,1176298839
https://yandex.com/maps/org/zolotaya_roshcha/1178221831/,1178221831
https://yandex.ru/maps/org/adzhariya/18643219984/,18643219984
https://yandex.ru/maps/org/aivani/238840885920/,238840885920
https://yandex.ru/maps/org/al_baraka/86669103003/,86669103003
https://yandex.ru/maps/org/alibaba_doner/2688126443/,2688126443
https://yandex.ru/maps/org/alubali/68313572924/,68313572924
https://yandex.ru/maps/org/ambar_13/229325391972/,229325391972
https://yandex.ru/maps/org/ansar_kebab/1676335044/,1676335044
https://yandex.ru/maps/org/aquamarine/101210227647/,101210227647
https://yandex.ru/maps/org/avlabar/51354973674/,51354973674
https://yandex.ru/maps/org/ayva/57907716709/,57907716709
https://yandex.ru/maps/org/ayvan/126176473515/,126176473515
https://yandex.ru/maps/org/aziya_piala/159754667057/,159754667057
https://yandex.ru/maps/org/babacha/123756492018/,123756492018
https://yandex.ru/maps/org/babacha/204711461736/,204711461736
https://yandex.ru/maps/org/bagrationi/135095937813/,135095937813
https://yandex.ru/maps/org/bagrationi_sherep/175552386161/,175552386161
https://yandex.ru/maps/org/bakinskiy_bulvar/1037569120/,1037569120
https://yandex.ru/maps/org/bakinskiy_bulvar/1079705486/,1079705486
https://yandex.ru/maps/org/bakinskiy_ugolok/75613034926/,75613034926
https://yandex.ru/maps/org/barakat/1167482265/,1167482265
https://yandex.ru/maps/org/batoni/1333655057/,1333655057
https://yandex.ru/maps/org/bidzho/1723124882/,1723124882
https://yandex.ru/maps/org/bistro_24/199932791329/,199932791329
https://yandex.ru/maps/org/bobo_lounge/13914165086/,13914165086
https://yandex.ru/maps/org/bokal/102947783872/,102947783872
https://yandex.ru/maps/org/bravis_vinny_restoran/120928769508/,120928769508
https://yandex.ru/maps/org/brosko/238983976957/,238983976957
https://yandex.ru/maps/org/chayka/56288455648/,56288455648
https://yandex.ru/maps/org/chaykhana/137614227646/,137614227646
https://yandex.ru/maps/org/chaykhana/187773691088/,187773691088
https://yandex.ru/maps/org/chaykhana/206706505700/,206706505700
https://yandex.ru/maps/org/chaykhana/22927218220/,22927218220
https://yandex.ru/maps/org/chaykhana/23214163594/,23214163594
https://yandex.ru/maps/org/chaykhana/235398004419/,235398004419
https://yandex.ru/maps/org/chaykhana/244003645655/,244003645655
https://yandex.ru/maps/org/chaykhana_archa/172684337753/,172684337753
https://yandex.ru/maps/org/chaykhana_aziya/161761793680/,161761793680
https://yandex.ru/maps/org/chaykhana_chorbog/204576802885/,204576802885
https://yandex.ru/maps/org/chaykhana_dastarkhan/196619155278/,196619155278
https://yandex.ru/maps/org/chaykhana_druzhba_narodov/204877331337/,204877331337
https://yandex.ru/maps/org/chaykhana_fayzabad/124585332910/,124585332910
https://yandex.ru/maps/org/chaykhana_imran/87469958051/,87469958051
https://yandex.ru/maps/org/chaykhana_irro/123264717146/,123264717146
https://yandex.ru/maps/org/chaykhana_isfara/39170451523/,39170451523
https://yandex.ru/maps/org/chaykhana_khalva/186674926399/,186674926399
https://yandex.ru/maps/org/chaykhana_khalyal/215549618494/,215549618494
https://yandex.ru/maps/org/chaykhana_kokand/207408242418/,207408242418
https://yandex.ru/maps/org/chaykhana_navat/181860377945/,181860377945
https://yandex.ru/maps/org/chaykhana_nur/13469555522/,13469555522
https://yandex.ru/maps/org/chaykhana_osh/177671036909/,177671036909
https://yandex.ru/maps/org/chaykhana_ot_dushi/77490467400/,77490467400
https://yandex.ru/maps/org/chaykhana_plov_1/5664249675/,5664249675
https://yandex.ru/maps/org/chaykhana_plov_mir/168236690904/,168236690904
https://yandex.ru/maps/org/chaykhana_plov_tsentr_khalyal/32494852445/,32494852445
https://yandex.ru/maps/org/chaykhana_safo_1/126794049168/,126794049168
https://yandex.ru/maps/org/chaykhana_samarkand/155469902897/,155469902897
https://yandex.ru/maps/org/chaykhana_samarkand/219771047642/,219771047642
https://yandex.ru/maps/org/chaykhana_vkus_vostoka/91368204083/,91368204083
https://yandex.ru/maps/org/chaykhana_zherdesh_ru/52974506692/,52974506692
https://yandex.ru/maps/org/chaykhona/49490965151/,49490965151
https://yandex.ru/maps/org/chaykhona_1/1068353043/,1068353043
https://yandex.ru/maps/org/chaykhona_1/1107510556/,1107510556
https://yandex.ru/maps/org/chaykhona_1/1696422241/,1696422241
https://yandex.ru/maps/org/chaykhona_1/212619267421/,212619267421
https://yandex.ru/maps/org/chaykhona_1/34705988538/,34705988538
https://yandex.ru/maps/org/chaykhona_1/96136224545/,96136224545
https://yandex.ru/maps/org/chaykhona_kuchino/240192691363/,240192691363
https://yandex.ru/maps/org/chaykhona_tandyr_khaus/108157231222/,108157231222
https://yandex.ru/maps/org/chaykhona_yalla/192236646397/,192236646397
https://yandex.ru/maps/org/cheburechnaya_1/191501398603/,191501398603
https://yandex.ru/maps/org/chef_s_choice/242520103501/,242520103501
https://yandex.ru/maps/org/chemi/1553801542/,1553801542
https://yandex.ru/maps/org/chemi_mezobeli/27271138561/,27271138561
https://yandex.ru/maps/org/chichiko/77922744816/,77922744816
https://yandex.ru/maps/org/chilanzar/215168688651/,215168688651
https://yandex.ru/maps/org/chinar_a/1005017829/,1005017829
https://yandex.ru/maps/org/dirkham/179968445220/,179968445220
https://yandex.ru/maps/org/divan/44747873383/,44747873383
https://yandex.ru/maps/org/dolina_5165/224684688893/,224684688893
https://yandex.ru/maps/org/dom_s_gruzinskimi_istoriyami/45724130147/,45724130147
https://yandex.ru/maps/org/domashnyaya_kukhnya_atabek/40037099330/,40037099330
https://yandex.ru/maps/org/don_kyabab/182875657979/,182875657979
https://yandex.ru/maps/org/doner_bistro/193005194463/,193005194463
https://yandex.ru/maps/org/doner_bistro_24/32161284011/,32161284011
https://yandex.ru/maps/org/doner_na_uglyakh/46179824008/,46179824008
https://yandex.ru/maps/org/doner_siti/29658031541/,29658031541
https://yandex.ru/maps/org/doni/141993290686/,141993290686
https://yandex.ru/maps/org/drova_i_ugli/48152210975/,48152210975
https://yandex.ru/maps/org/druzhba/1039045495/,1039045495
https://yandex.ru/maps/org/dusha_lavasha/142559252610/,142559252610
https://yandex.ru/maps/org/dusha_lavasha/21683378575/,21683378575
https://yandex.ru/maps/org/dzhondzholi/73765572746/,73765572746
https://yandex.ru/maps/org/eat_arena/26789296283/,26789296283
https://yandex.ru/maps/org/edeli/1115082441/,1115082441
https://yandex.ru/maps/org/ekspress_chaykhana/24653925692/,24653925692
https://yandex.ru/maps/org/ekspress_chaykhana/58924701434/,58924701434
https://yandex.ru/maps/org/eliso_bistro/22547655665/,22547655665
https://yandex.ru/maps/org/ezo_gruzinskaya_kukhnya/174628618857/,174628618857
https://yandex.ru/maps/org/gagimardzhos/3455258182/,3455258182
https://yandex.ru/maps/org/gastrofabrika/142190290903/,142190290903
https://yandex.ru/maps/org/gastrokofeynya_laboratoriya_yedy/115823337376/,115823337376
https://yandex.ru/maps/org/gemopuri/228117417424/,228117417424
https://yandex.ru/maps/org/gemri_eli_khinkalnaya/21315428244/,21315428244
https://yandex.ru/maps/org/genatsvale/118558685897/,118558685897
https://yandex.ru/maps/org/georgian_house/121313153735/,121313153735
https://yandex.ru/maps/org/gio/199517757793/,199517757793
https://yandex.ru/maps/org/grand_femili/165825191742/,165825191742
https://yandex.ru/maps/org/gruzinskaya_kukhnya/143626215938/,143626215938
https://yandex.ru/maps/org/gruzinskaya_kukhnya_u_tei/33015928689/,33015928689
https://yandex.ru/maps/org/gudauri/39087546322/,39087546322
https://yandex.ru/maps/org/internatsionalnaya/195328812072/,195328812072
https://yandex.ru/maps/org/internatsionalnaya/97800061233/,97800061233
https://yandex.ru/maps/org/inzhir/138217596245/,138217596245
https://yandex.ru/maps/org/inzhir/43686760190/,43686760190
https://yandex.ru/maps/org/irina/1162846752/,1162846752
https://yandex.ru/maps/org/istanbul_streetfood/178005265250/,178005265250
https://yandex.ru/maps/org/iveriya/1071519353/,1071519353
https://yandex.ru/maps/org/kafe_stolovaya_24/6723108234/,6723108234
https://yandex.ru/maps/org/kafe_u_karchavy/221871049667/,221871049667
https://yandex.ru/maps/org/kakhuri/1157750908/,1157750908
https://yandex.ru/maps/org/kar_food/32965995899/,32965995899
https://yandex.ru/maps/org/karas/20953175413/,20953175413
https://yandex.ru/maps/org/kartulioda/138877483689/,138877483689
https://yandex.ru/maps/org/kazan_kebab/210708167416/,210708167416
https://yandex.ru/maps/org/kazanchik/220328831911/,220328831911
https://yandex.ru/maps/org/kebab_md/184313264811/,184313264811
https://yandex.ru/maps/org/kepi/124866274430/,124866274430
https://yandex.ru/maps/org/keto_kote/140200195626/,140200195626
https://yandex.ru/maps/org/khaburzak/190070639197/,190070639197
https://yandex.ru/maps/org/khachapurchik/185499274063/,185499274063
https://yandex.ru/maps/org/khachapuri/1116653190/,1116653190
https://yandex.ru/maps/org/khachapuri/197809694476/,197809694476
https://yandex.ru/maps/org/khachapuri_mariko/60895801145/,60895801145
https://yandex.ru/maps/org/khalyal/21681584577/,21681584577
https://yandex.ru/maps/org/khalyal/29492113391/,29492113391
https://yandex.ru/maps/org/khalyal_pirogi_po_domashnemu/53025581976/,53025581976
https://yandex.ru/maps/org/khinkali_gali_/162800716947/,162800716947
https://yandex.ru/maps/org/khinkali_gali_/47310447762/,47310447762
https://yandex.ru/maps/org/khinkali_i_vino/59167614900/,59167614900
https://yandex.ru/maps/org/khinkali_love/85733524363/,85733524363
https://yandex.ru/maps/org/khinkali_point/194575753874/,194575753874
https://yandex.ru/maps/org/khinkali_so/37457352080/,37457352080
https://yandex.ru/maps/org/khinkalnaya/66022631381/,66022631381
https://yandex.ru/maps/org/khinkalnaya_karina/95898871814/,95898871814
https://yandex.ru/maps/org/khurma/82284935159/,82284935159
https://yandex.ru/maps/org/kinto/1003521654/,1003521654
https://yandex.ru/maps/org/kinza/10677628759/,10677628759
https://yandex.ru/maps/org/kukhnya_kak_doma/227962495112/,227962495112
https://yandex.ru/maps/org/kulinarny_ray/115912349767/,115912349767
https://yandex.ru/maps/org/kult_vkusa/133776806175/,133776806175
https://yandex.ru/maps/org/kvelli_puri/223637261327/,223637261327
https://yandex.ru/maps/org/l_sha_yeda_napitki/147422231523/,147422231523
https://yandex.ru/maps/org/l_sha_yeda_napitki/213629475672/,213629475672
https://yandex.ru/maps/org/lagman/131132908859/,131132908859
https://yandex.ru/maps/org/lagmannaya_24/83732930849/,83732930849
https://yandex.ru/maps/org/lamazo/213588244298/,213588244298
https://yandex.ru/maps/org/lanch_taym/127228878275/,127228878275
https://yandex.ru/maps/org/lavash/1008157361/,1008157361
https://yandex.ru/maps/org/lavash/238923191289/,238923191289
https://yandex.ru/maps/org/lavashberi/152236638520/,152236638520
https://yandex.ru/maps/org/lavasheff/83068633047/,83068633047
https://yandex.ru/maps/org/le_purshi/98780114339/,98780114339
https://yandex.ru/maps/org/lela_house/162837751552/,162837751552
https://yandex.ru/maps/org/leo/96122495212/,96122495212
https://yandex.ru/maps/org/lion/1044741937/,1044741937
https://yandex.ru/maps/org/lodochka_vkusa/146525284711/,146525284711
https://yandex.ru/maps/org/lodochka_vkusa/198884784978/,198884784978
https://yandex.ru/maps/org/lounge_for_you/138829233754/,138829233754
https://yandex.ru/maps/org/love_georgia/154193014362/,154193014362
https://yandex.ru/maps/org/loza/1092819032/,1092819032
https://yandex.ru/maps/org/luar/1703471079/,1703471079
https://yandex.ru/maps/org/makindoli/201542475347/,201542475347
https://yandex.ru/maps/org/mama_tuta/95051173746/,95051173746
https://yandex.ru/maps/org/manas/42649653761/,42649653761
https://yandex.ru/maps/org/manas/97254564255/,97254564255
https://yandex.ru/maps/org/mangal_by_friends/133574470310/,133574470310
https://yandex.ru/maps/org/mangal_u_doma/78862696080/,78862696080
https://yandex.ru/maps/org/marti/222488048105/,222488048105
https://yandex.ru/maps/org/marvarid/201753214089/,201753214089
https://yandex.ru/maps/org/mati/82493286793/,82493286793
https://yandex.ru/maps/org/mega_georgia/30823022209/,30823022209
https://yandex.ru/maps/org/metekhi/1007381447/,1007381447
https://yandex.ru/maps/org/mimi/126406176882/,126406176882
https://yandex.ru/maps/org/mimi/195619511500/,195619511500
https://yandex.ru/maps/org/mimi/50550829359/,50550829359
https://yandex.ru/maps/org/mir_plova_i_shashlyka/156851236754/,156851236754
https://yandex.ru/maps/org/mome/27107709194/,27107709194
https://yandex.ru/maps/org/mosplov/144853566534/,144853566534
https://yandex.ru/maps/org/mukuzani/1745440922/,1745440922
https://yandex.ru/maps/org/multikultura_gastrobistro/188159239403/,188159239403
https://yandex.ru/maps/org/myaso_na_uglyakh/31817116390/,31817116390
https://yandex.ru/maps/org/myaso_na_uglyakh_24/141958974750/,141958974750
https://yandex.ru/maps/org/myasye_shashlyk/179993868501/,179993868501
https://yandex.ru/maps/org/na_uglyakh/48665057180/,48665057180
https://yandex.ru/maps/org/na_uglyakh/93853240192/,93853240192
https://yandex.ru/maps/org/nabat/160033777789/,160033777789
https://yandex.ru/maps/org/natakhtari_grand/54317630725/,54317630725
https://yandex.ru/maps/org/naugli/106400464367/,106400464367
https://yandex.ru/maps/org/navat/150841673421/,150841673421
https://yandex.ru/maps/org/oazis/1257900778/,1257900778
https://yandex.ru/maps/org/obraz_zhizni/78004914181/,78004914181
https://yandex.ru/maps/org/ochag_grill/77557958525/,77557958525
https://yandex.ru/maps/org/oda/165121076411/,165121076411
https://yandex.ru/maps/org/oranzhereya/1006967767/,1006967767
https://yandex.ru/maps/org/ostrov_vkusa/62240064686/,62240064686
https://yandex.ru/maps/org/palma_lounge/212178992495/,212178992495
https://yandex.ru/maps/org/pamir/125455805945/,125455805945
https://yandex.ru/maps/org/papa_khinkali/241341133324/,241341133324
https://yandex.ru/maps/org/park_fudkholl/134101896400/,134101896400
https://yandex.ru/maps/org/pekarnya_doner_bistro/95370957830/,95370957830
https://yandex.ru/maps/org/peshchera/136632340976/,136632340976
https://yandex.ru/maps/org/pirogi_i_mangal/41561873991/,41561873991
https://yandex.ru/maps/org/plov_com/1679611838/,1679611838
https://yandex.ru/maps/org/plov_khaus/15636344016/,15636344016
https://yandex.ru/maps/org/plov_manty/174979419656/,174979419656
https://yandex.ru/maps/org/plov_shop/156159966865/,156159966865
https://yandex.ru/maps/org/plov_store/121591745648/,121591745648
https://yandex.ru/maps/org/plov_tsentr/201444949232/,201444949232
https://yandex.ru/maps/org/plov_tsentr/242563780644/,242563780644
https://yandex.ru/maps/org/plov_tsentr/38444116326/,38444116326
https://yandex.ru/maps/org/plov_tsentr/67366918730/,67366918730
https://yandex.ru/maps/org/plov_tsentr/78902106136/,78902106136
https://yandex.ru/maps/org/plove_doner/218591708319/,218591708319
https://yandex.ru/maps/org/plovmaniya/107369881070/,107369881070
https://yandex.ru/maps/org/plovnaya/175844345812/,175844345812
https://yandex.ru/maps/org/plovno_sytno/8957283704/,8957283704
https://yandex.ru/maps/org/pochuvstvuy_vkus_azerbaydzhana/16382094034/,16382094034
https://yandex.ru/maps/org/prints_plova/7621257634/,7621257634
https://yandex.ru/maps/org/pro_khinkali/102694569032/,102694569032
https://yandex.ru/maps/org/pro_khinkali/157110782707/,157110782707
https://yandex.ru/maps/org/pro_vostok/217763339944/,217763339944
https://yandex.ru/maps/org/qalaquri/77478084857/,77478084857
https://yandex.ru/maps/org/qartuli/99786698828/,99786698828
https://yandex.ru/maps/org/raf_khaus/167221186435/,167221186435
https://yandex.ru/maps/org/rayskaya_trapeza/2275885876/,2275885876
https://yandex.ru/maps/org/richbro/154665218408/,154665218408
https://yandex.ru/maps/org/rodnoy/165338790823/,165338790823
https://yandex.ru/maps/org/rtveli/92750303188/,92750303188
https://yandex.ru/maps/org/rublyov/1136533787/,1136533787
https://yandex.ru/maps/org/sabz/153580454892/,153580454892
https://yandex.ru/maps/org/samargalo/69619638580/,69619638580
https://yandex.ru/maps/org/sandro/195383273757/,195383273757
https://yandex.ru/maps/org/sandyk_partiyny/1093162888/,1093162888
https://yandex.ru/maps/org/saperaviya/61093133645/,61093133645
https://yandex.ru/maps/org/satrapezo/187112394540/,187112394540
https://yandex.ru/maps/org/semeyny_ochag/210521824603/,210521824603
https://yandex.ru/maps/org/sesilia/153843331835/,153843331835
https://yandex.ru/maps/org/shafran/1618208335/,1618208335
https://yandex.ru/maps/org/shampur/132318848545/,132318848545
https://yandex.ru/maps/org/shashlychny_ray/151217419895/,151217419895
https://yandex.ru/maps/org/shashlykhouse1/85205855575/,85205855575
https://yandex.ru/maps/org/shashlyki_pitstsa_khan/90890068190/,90890068190
https://yandex.ru/maps/org/shato_manavi/185141157386/,185141157386
https://yandex.ru/maps/org/shato_rustaveli/4455320288/,4455320288
https://yandex.ru/maps/org/shaurma_1/180768410449/,180768410449
https://yandex.ru/maps/org/shaurma_1/61862102159/,61862102159
https://yandex.ru/maps/org/shaurma_i_lepyoshka/59494674863/,59494674863
https://yandex.ru/maps/org/shaurma_love/231853996014/,231853996014
https://yandex.ru/maps/org/shaurma_na_basmannoy/143705429167/,143705429167
https://yandex.ru/maps/org/shaurmaster/68091543094/,68091543094
https://yandex.ru/maps/org/shvili/104984736063/,104984736063
https://yandex.ru/maps/org/shvili/157584240300/,157584240300
https://yandex.ru/maps/org/slava/34763536282/,34763536282
https://yandex.ru/maps/org/sololaki/53475993368/,53475993368
https://yandex.ru/maps/org/sosedi/1696379329/,1696379329
https://yandex.ru/maps/org/sosedi/180423452920/,180423452920
https://yandex.ru/maps/org/sovetskiye_vremena/176709911214/,176709911214
https://yandex.ru/maps/org/spetsiya/20361582546/,20361582546
https://yandex.ru/maps/org/stary_zamok/234469756157/,234469756157
https://yandex.ru/maps/org/stolovaya_24/36754917535/,36754917535
https://yandex.ru/maps/org/sumaq_mangal_1/191462303691/,191462303691
https://yandex.ru/maps/org/sumaq_mangal_1/221931420363/,221931420363
https://yandex.ru/maps/org/tandyr/45185876997/,45185876997
https://yandex.ru/maps/org/tapchan/1116995531/,1116995531
https://yandex.ru/maps/org/tapchan/1264671888/,1264671888
https://yandex.ru/maps/org/tashkent/24559278417/,24559278417
https://yandex.ru/maps/org/tashkent_siti/149247784011/,149247784011
https://yandex.ru/maps/org/testoriya/148365615928/,148365615928
https://yandex.ru/maps/org/tetri/165350517817/,165350517817
https://yandex.ru/maps/org/the_villa/147790074980/,147790074980
https://yandex.ru/maps/org/trapeznaya_yeleny_malikovoy/155840305376/,155840305376
https://yandex.ru/maps/org/tsameti/173847241630/,173847241630
https://yandex.ru/maps/org/tsomi/164184977545/,164184977545
https://yandex.ru/maps/org/u_chayki/38277689879/,38277689879
https://yandex.ru/maps/org/ugolok_vkusa/124899165502/,124899165502
https://yandex.ru/maps/org/uryuk/1352464510/,1352464510
https://yandex.ru/maps/org/usachyovskiy_rynok/1006026708/,1006026708
https://yandex.ru/maps/org/usadba/1030235104/,1030235104
https://yandex.ru/maps/org/uzbechka/114411136608/,114411136608
https://yandex.ru/maps/org/uzbechka/1688849311/,1688849311
https://yandex.ru/maps/org/uzbechka/178767129284/,178767129284
https://yandex.ru/maps/org/uzbek_gourmet/9099281714/,9099281714
https://yandex.ru/maps/org/vash_appetit/98782701584/,98782701584
https://yandex.ru/maps/org/vasilchuki_chaihona_1/1264219844/,1264219844
https://yandex.ru/maps/org/vasilchuki_chaihona_1/1619647765/,1619647765
https://yandex.ru/maps/org/vasilchuki_chaihona_1/86016356898/,86016356898
https://yandex.ru/maps/org/vesna_servis_plyus/100415386181/,100415386181
https://yandex.ru/maps/org/vezhlivyye_uzbeki/42505693376/,42505693376
https://yandex.ru/maps/org/vkus_ognya/238234024623/,238234024623
https://yandex.ru/maps/org/vkusnadze/121966510927/,121966510927
https://yandex.ru/maps/org/vkusnaya_yeda/83695939625/,83695939625
https://yandex.ru/maps/org/vkusno_kak_doma/116081234560/,116081234560
https://yandex.ru/maps/org/vkusny_vostok/44320938758/,44320938758
https://yandex.ru/maps/org/vkusnyasha/174485473618/,174485473618
https://yandex.ru/maps/org/vostok/70803518068/,70803518068
https://yandex.ru/maps/org/vtoraya_zhena/104145349699/,104145349699
https://yandex.ru/maps/org/ya_tebya_lyulya/228070061847/,228070061847
https://yandex.ru/maps/org/yeli_peli/107145425690/,107145425690
https://yandex.ru/maps/org/yeli_satsebeli/139621909426/,139621909426
https://yandex.ru/maps/org/yeli_satsebeli/159798523489/,159798523489
https://yandex.ru/maps/org/yest_khachapuri/174844263494/,174844263494
https://yandex.ru/maps/org/yuzhnoye/9845069295/,9845069295
https://yandex.ru/maps/org/zandukeli/128241980857/,128241980857
https://yandex.ru/maps/org/zarzhaveli/72865885889/,72865885889
https://yandex.ru/maps/org/zhasmina/109217531453/,109217531453
https://yandex.ru/maps/org/zhemchuzhina/228112751664/,228112751664
https://yandex.ru/maps/org/zima_leto/62410670144/,62410670144
https://yandex.ru/maps/org/allo_pitstsa/1218914991/,1218914991
https://yandex.ru/maps/org/allo_pitstsa/146872178393/,146872178393
https://yandex.ru/maps/org/allo_pitstsa/55035573985/,55035573985
https://yandex.ru/maps/org/artelli/157479418061/,157479418061
https://yandex.ru/maps/org/bro_n/27886969842/,27886969842
https://yandex.ru/maps/org/danell_o_pizza/77279056600/,77279056600
https://yandex.ru/maps/org/dodo_pitstsa/110661309124/,110661309124
https://yandex.ru/maps/org/dodo_pitstsa/114443305259/,114443305259
https://yandex.ru/maps/org/dodo_pitstsa/147659933622/,147659933622
https://yandex.ru/maps/org/dodo_pitstsa/155041466167/,155041466167
https://yandex.ru/maps/org/dodo_pitstsa/171988599925/,171988599925
https://yandex.ru/maps/org/dodo_pitstsa/206606700832/,206606700832
https://yandex.ru/maps/org/dodo_pitstsa/228447879801/,228447879801
https://yandex.ru/maps/org/dodo_pitstsa/2853214916/,2853214916
https://yandex.ru/maps/org/dodo_pitstsa/67037665858/,67037665858
https://yandex.ru/maps/org/dodo_pitstsa/67915126495/,67915126495
https://yandex.ru/maps/org/dodo_pitstsa/72482111323/,72482111323
https://yandex.ru/maps/org/dodo_pitstsa/90326522814/,90326522814
https://yandex.ru/maps/org/domino_pizza/183559594721/,183559594721
https://yandex.ru/maps/org/domino_pizza/28254987643/,28254987643
https://yandex.ru/maps/org/il_kanto/1195435231/,1195435231
https://yandex.ru/maps/org/il_patio/1089207792/,1089207792
https://yandex.ru/maps/org/il_patio/11735605606/,11735605606
https://yandex.ru/maps/org/il_patio/1665020758/,1665020758
https://yandex.ru/maps/org/il_patio/175123974535/,175123974535
https://yandex.ru/maps/org/il_patio/183806964845/,183806964845
https://yandex.ru/maps/org/il_patio/217796377228/,217796377228
https://yandex.ru/maps/org/il_pizzaiolo/203330198834/,203330198834
https://yandex.ru/maps/org/il_pizzaiolo/238753304976/,238753304976
https://yandex.ru/maps/org/in_crosta/197983374125/,197983374125
https://yandex.ru/maps/org/karlo/60345334806/,60345334806
https://yandex.ru/maps/org/kvadratika/133954193875/,133954193875
https://yandex.ru/maps/org/la_mortatstsa/193661176172/,193661176172
https://yandex.ru/maps/org/latsio_pitstsa/51806174448/,51806174448
https://yandex.ru/maps/org/liv_pizza/238623362840/,238623362840
https://yandex.ru/maps/org/maestrello/46149732040/,46149732040
https://yandex.ru/maps/org/melnitsa/39323827406/,39323827406
https://yandex.ru/maps/org/merkaleto/151808480296/,151808480296
https://yandex.ru/maps/org/papa_dzhons/1001549582/,1001549582
https://yandex.ru/maps/org/papa_dzhons/1003846796/,1003846796
https://yandex.ru/maps/org/papa_dzhons/100387837705/,100387837705
https://yandex.ru/maps/org/papa_dzhons/204403165844/,204403165844
https://yandex.ru/maps/org/papa_dzhons/204504310701/,204504310701
https://yandex.ru/maps/org/papa_dzhons/42035643389/,42035643389
https://yandex.ru/maps/org/papa_dzhons/7716177191/,7716177191
https://yandex.ru/maps/org/pazza_pizza/38778246737/,38778246737
https://yandex.ru/maps/org/pinzeria_by_bontempi/221325218116/,221325218116
https://yandex.ru/maps/org/piponi/1108898485/,1108898485
https://yandex.ru/maps/org/pitstsa_22_santimetra/215813015764/,215813015764
https://yandex.ru/maps/org/pitstsa_i_kanoli/141524465174/,141524465174
https://yandex.ru/maps/org/pitstsa_i_vino/134163924794/,134163924794
https://yandex.ru/maps/org/pitstsa_pi/1729557402/,1729557402
https://yandex.ru/maps/org/pitstsa_terrapiyeno/177090981793/,177090981793
https://yandex.ru/maps/org/pitstsamento/56023833819/,56023833819
https://yandex.ru/maps/org/pitstsetta/94100557996/,94100557996
https://yandex.ru/maps/org/piu_piu/70160599178/,70160599178
https://yandex.ru/maps/org/pizza/129513790268/,129513790268
https://yandex.ru/maps/org/pizza_heart/130311904738/,130311904738
https://yandex.ru/maps/org/pizza_heart/1309592397/,1309592397
https://yandex.ru/maps/org/pizza_heart/168832132880/,168832132880
https://yandex.ru/maps/org/pizza_heart/226593688896/,226593688896
https://yandex.ru/maps/org/pizza_heart/234040821928/,234040821928
https://yandex.ru/maps/org/pizza_heart/239975951677/,239975951677
https://yandex.ru/maps/org/pizza_heart/24031019671/,24031019671
https://yandex.ru/maps/org/pizza_si/41010758747/,41010758747
https://yandex.ru/maps/org/pizza_sushi_hub/69485648372/,69485648372
https://yandex.ru/maps/org/pizzamento/125484643845/,125484643845
https://yandex.ru/maps/org/rimlyane/78988646411/,78988646411
https://yandex.ru/maps/org/scrocchiarella/16671092296/,16671092296
https://yandex.ru/maps/org/sempliche/176456493643/,176456493643
https://yandex.ru/maps/org/skrepka/101045871600/,101045871600
https://yandex.ru/maps/org/sporco/72362343704/,72362343704
https://yandex.ru/maps/org/supernova/94341539903/,94341539903
https://yandex.ru/maps/org/testo/111480495999/,111480495999
https://yandex.ru/maps/org/testopesto/186429706488/,186429706488
https://yandex.ru/maps/org/the_312/15688424785/,15688424785
https://yandex.ru/maps/org/trattoriya_semplice/1021924354/,1021924354
https://yandex.ru/maps/org/trattoriya_vabene/238294571168/,238294571168
https://yandex.ru/maps/org/uglewood/129211862305/,129211862305
https://yandex.ru/maps/org/vero_neapolitanskaya_pitstsa/149266431849/,149266431849
https://yandex.ru/maps/org/zotman_pizza/139491966482/,139491966482
https://yandex.ru/maps/org/doner_24/154427182020/,154427182020
https://yandex.ru/maps/org/enjoy/1321133695/,1321133695
https://yandex.ru/maps/org/marina/1001382290/,1001382290
https://yandex.ru/maps/org/prime/1071640627/,1071640627
https://yandex.ru/maps/org/prime/1089952080/,1089952080
https://yandex.ru/maps/org/prime/1279328813/,1279328813
https://yandex.ru/maps/org/prime/1333241693/,1333241693
https://yandex.ru/maps/org/prime/1334999675/,1334999675
https://yandex.ru/maps/org/props_coffee/213939587437/,213939587437
https://yandex.ru/maps/org/shantimel/1348723718/,1348723718
https://yandex.ru/maps/org/shaurma_24/1772901368/,1772901368
https://yandex.ru/maps/org/teremok/1197768530/,1197768530
https://yandex.ru/maps/org/teremok/1330373241/,1330373241
https://yandex.ru/maps/org/teremok/1601935892/,1601935892
https://yandex.com/maps/org/202644929643/,202644929643
https://yandex.com/maps/org/aina/213553197002/,213553197002
https://yandex.com/maps/org/anna_varenina/137920633719/,137920633719
https://yandex.com/maps/org/arabeska/218094796520/,218094796520
https://yandex.com/maps/org/arabist/1020286819/,1020286819
https://yandex.com/maps/org/aroma/199428355782/,199428355782
https://yandex.com/maps/org/ava_bistro/204148885610/,204148885610
https://yandex.com/maps/org/ava_bistro/217651548614/,217651548614
https://yandex.com/maps/org/blisski/102442329824/,102442329824
https://yandex.com/maps/org/bukhovski/118754012875/,118754012875
https://yandex.com/maps/org/bukhovski/15250053143/,15250053143
https://yandex.com/maps/org/cafe_restaurant/43940130152/,43940130152
https://yandex.com/maps/org/chaykhana/176545558012/,176545558012
https://yandex.com/maps/org/cheburechnaya_ussr/228401714440/,228401714440
https://yandex.com/maps/org/ciam_food_processing_plant/1333362769/,1333362769
https://yandex.com/maps/org/coffeemania_red_7/31242708719/,31242708719
https://yandex.com/maps/org/coffeeshop_company/181598452476/,181598452476
https://yandex.com/maps/org/culinary_shop_of_the_karavaev_brothers/136736025026/,136736025026
https://yandex.com/maps/org/culinary_shop_of_the_karavaev_brothers/198970210882/,198970210882
https://yandex.com/maps/org/dastarkhan/179260975681/,179260975681
https://yandex.com/maps/org/dolce_goose/101922094285/,101922094285
https://yandex.com/maps/org/dranik_domashniy/167336719874/,167336719874
https://yandex.com/maps/org/dym_koromyslom/93183543106/,93183543106
https://yandex.com/maps/org/dymzavod/170574177285/,170574177285
https://yandex.com/maps/org/eda_veka/6800720613/,6800720613
https://yandex.com/maps/org/encore_cafe/232807405810/,232807405810
https://yandex.com/maps/org/fibonachchi/243104291060/,243104291060
https://yandex.com/maps/org/food_with_an_accent/34094365874/,34094365874
https://yandex.com/maps/org/frezeroff_buffet/155328182718/,155328182718
https://yandex.com/maps/org/gambrinus/225375811717/,225375811717
https://yandex.com/maps/org/gin_pro_meat/238436952974/,238436952974
https://yandex.com/maps/org/goodbye_earth_/220779874535/,220779874535
https://yandex.com/maps/org/gorbufet_shashlichnya/11557787803/,11557787803
https://yandex.com/maps/org/grill_house/245636733933/,245636733933
https://yandex.com/maps/org/hatimaki/198354573944/,198354573944
https://yandex.com/maps/org/intelligentsia/11442480091/,11442480091
https://yandex.com/maps/org/kleshni_i_khvosty/16513231102/,16513231102
https://yandex.com/maps/org/klukva/237525186346/,237525186346
https://yandex.com/maps/org/klukva/45093514817/,45093514817
https://yandex.com/maps/org/kontrrazvedka/73824133506/,73824133506
https://yandex.com/maps/org/kuhnya_kak_doma/233922297184/,233922297184
https://yandex.com/maps/org/kulinarnaya_lavka_bratyev_karavayevykh/108465298407/,108465298407
https://yandex.com/maps/org/la_lara/206802135043/,206802135043
https://yandex.com/maps/org/lemongrass/21109338880/,21109338880
https://yandex.com/maps/org/likvidatsiya/24031710936/,24031710936
https://yandex.com/maps/org/loading/104291602373/,104291602373
https://yandex.com/maps/org/love_borsch/92277546935/,92277546935
https://yandex.com/maps/org/magadan/173176661766/,173176661766
https://yandex.com/maps/org/malinovka/221107269171/,221107269171
https://yandex.com/maps/org/mishka_balalaika/144822449092/,144822449092
https://yandex.com/maps/org/monastyrskij_dvorik/103726818644/,103726818644
https://yandex.com/maps/org/mosobed/213143841386/,213143841386
https://yandex.com/maps/org/nastoykin/158077838628/,158077838628
https://yandex.com/maps/org/odessa_mama/43350396107/,43350396107
https://yandex.com/maps/org/ogorod/206442937413/,206442937413
https://yandex.com/maps/org/ossetian_pies_moscow/106140647204/,106140647204
https://yandex.com/maps/org/ovsyanka/104646083774/,104646083774
https://yandex.com/maps/org/pei_da_gulyai/157166655572/,157166655572
https://yandex.com/maps/org/pei_zdes/160475190850/,160475190850
https://yandex.com/maps/org/pelmennaya/206999925791/,206999925791
https://yandex.com/maps/org/pivzavod77/6332605440/,6332605440
https://yandex.com/maps/org/plov_center/183775851670/,183775851670
https://yandex.com/maps/org/praktika_by_darvin/218046654169/,218046654169
https://yandex.com/maps/org/prazhka/145926419448/,145926419448
https://yandex.com/maps/org/qlo/124156270230/,124156270230
https://yandex.com/maps/org/razvedka/1589264664/,1589264664
https://yandex.com/maps/org/remy_kitchen_bakery/150105342261/,150105342261
https://yandex.com/maps/org/renovatsiya/129434005421/,129434005421
https://yandex.com/maps/org/road_in_dagestan/216300228827/,216300228827
https://yandex.com/maps/org/rok_bar_shtopor/165509442505/,165509442505
https://yandex.com/maps/org/rom_dym/189718226062/,189718226062
https://yandex.com/maps/org/russian_pub/161959776838/,161959776838
https://yandex.com/maps/org/ryobernaya_1/158834337102/,158834337102
https://yandex.com/maps/org/ryobernaya_1/81902537970/,81902537970
https://yandex.com/maps/org/sery_dom/200893198287/,200893198287
https://yandex.com/maps/org/shiko/13502239821/,13502239821
https://yandex.com/maps/org/sirvin/165405783689/,165405783689
https://yandex.com/maps/org/snedi_fedi/120804209097/,120804209097
https://yandex.com/maps/org/son_krasnoy_pandy/158482046030/,158482046030
https://yandex.com/maps/org/sreda/227064468833/,227064468833
https://yandex.com/maps/org/super_kebab/10396283110/,10396283110
https://yandex.com/maps/org/syrovarnya/216839548805/,216839548805
https://yandex.com/maps/org/tam_gde_uyutno/177565417444/,177565417444
https://yandex.com/maps/org/tary_moscow/221844012310/,221844012310
https://yandex.com/maps/org/tashkent/118277655639/,118277655639
https://yandex.com/maps/org/teremok/159412780825/,159412780825
https://yandex.com/maps/org/teremok/186997949977/,186997949977
https://yandex.com/maps/org/teremok/77776149838/,77776149838
https://yandex.com/maps/org/tochka_pitaniya/181000888491/,181000888491
https://yandex.com/maps/org/topolino_rus/168420917110/,168420917110
https://yandex.com/maps/org/tortikvam/164600767430/,164600767430
https://yandex.com/maps/org/trapeznaya/1304134887/,1304134887
https://yandex.com/maps/org/tseh85/137011644324/,137011644324
https://yandex.com/maps/org/tseh85/155714706112/,155714706112
https://yandex.com/maps/org/v_us_ne_dul/233020835579/,233020835579
https://yandex.com/maps/org/valetta/227518415088/,227518415088
https://yandex.com/maps/org/varenichnaya_1/120266559593/,120266559593
https://yandex.com/maps/org/varenichnaya_1/178227682336/,178227682336
https://yandex.com/maps/org/varenichnaya_1/1804550917/,1804550917
https://yandex.com/maps/org/varenichnaya_1/45066322343/,45066322343
https://yandex.com/maps/org/varenichnaya_1/55892298890/,55892298890
https://yandex.com/maps/org/varenichnaya_1/91638906274/,91638906274
https://yandex.com/maps/org/vavilon/170487613006/,170487613006
https://yandex.com/maps/org/villaggio/128969871854/,128969871854
https://yandex.com/maps/org/vitae_healthy_food/128154435327/,128154435327
https://yandex.com/maps/org/vkusnaya_strana/73250014714/,73250014714
https://yandex.com/maps/org/white_cat/242017615294/,242017615294
https://yandex.com/maps/org/zagorami/105418124585/,105418124585
https://yandex.com/maps/org/zatsepin/146276525531/,146276525531
https://yandex.com/maps/org/zdraste/191173215126/,191173215126
https://yandex.com/maps/org/zharovnya/10851814977/,10851814977
https://yandex.ru/maps/org/39_pitstseriya_motsarella_bar/159851764741/,159851764741
https://yandex.ru/maps/org/akademiya/1067471523/,1067471523
https://yandex.ru/maps/org/akademiya/1119249961/,1119249961
https://yandex.ru/maps/org/akademiya/1173922441/,1173922441
https://yandex.ru/maps/org/ambar/63200613014/,63200613014
https://yandex.ru/maps/org/ami_chaise/116671620173/,116671620173
https://yandex.ru/maps/org/anderson/161984671819/,161984671819
https://yandex.ru/maps/org/anderson/196660225982/,196660225982
https://yandex.ru/maps/org/aperitivnaya/165956735470/,165956735470
https://yandex.ru/maps/org/ashan/68634134939/,68634134939
https://yandex.ru/maps/org/bobry_i_utki/1272610223/,1272610223
https://yandex.ru/maps/org/brusnika/1725451010/,1725451010
https://yandex.ru/maps/org/bukhanka/171664812561/,171664812561
https://yandex.ru/maps/org/cheesemania/115222531743/,115222531743
https://yandex.ru/maps/org/chill_khab/147919941851/,147919941851
https://yandex.ru/maps/org/crazy_brothers/147909997480/,147909997480
https://yandex.ru/maps/org/cream_soda/116589370357/,116589370357
https://yandex.ru/maps/org/dejure/119142470204/,119142470204
https://yandex.ru/maps/org/delikadessa/157954393428/,157954393428
https://yandex.ru/maps/org/dodo_pitstsa/163052212078/,163052212078
https://yandex.ru/maps/org/dodo_pitstsa/34490416740/,34490416740
https://yandex.ru/maps/org/don_giulio/238236461365/,238236461365
https://yandex.ru/maps/org/dream/1335276028/,1335276028
https://yandex.ru/maps/org/dyuna/43882100842/,43882100842
https://yandex.ru/maps/org/esse/1055953988/,1055953988
https://yandex.ru/maps/org/family_habits/119586340071/,119586340071
https://yandex.ru/maps/org/farro_pasta_bar/240272737804/,240272737804
https://yandex.ru/maps/org/fatto_a_mano/119487191992/,119487191992
https://yandex.ru/maps/org/femili_itali/238428525402/,238428525402
https://yandex.ru/maps/org/finch/81031185697/,81031185697
https://yandex.ru/maps/org/french_bakery_sedelice/120130511209/,120130511209
https://yandex.ru/maps/org/garazh_gril_kofe_taym/167639940849/,167639940849
https://yandex.ru/maps/org/gilo_pasta_pizza/164609530235/,164609530235
https://yandex.ru/maps/org/globus_gipermarket/39692306946/,39692306946
https://yandex.ru/maps/org/gravora_pitstsa/137178863768/,137178863768
https://yandex.ru/maps/org/greeks_pasta/145138740399/,145138740399
https://yandex.ru/maps/org/i_love_cake/1118383523/,1118383523
https://yandex.ru/maps/org/il_patio/1047424767/,1047424767
https://yandex.ru/maps/org/il_patio/1129063617/,1129063617
https://yandex.ru/maps/org/il_patio/1187321777/,1187321777
https://yandex.ru/maps/org/il_patio/1232603293/,1232603293
https://yandex.ru/maps/org/il_patio/172965779965/,172965779965
https://yandex.ru/maps/org/il_patio/23157055954/,23157055954
https://yandex.ru/maps/org/il_patio/76431424650/,76431424650
https://yandex.ru/maps/org/kalyannaya_smoke_relax/22574252591/,22574252591
https://yandex.ru/maps/org/kalyanny_kot/146849535960/,146849535960
https://yandex.ru/maps/org/kislovsky_taste_place/197477795075/,197477795075
https://yandex.ru/maps/org/klyukva_lounge/1443439022/,1443439022
https://yandex.ru/maps/org/krosta/131389987222/,131389987222
https://yandex.ru/maps/org/kul_k/105174603554/,105174603554
https://yandex.ru/maps/org/kul_k/141088124583/,141088124583
https://yandex.ru/maps/org/kul_k/186167246619/,186167246619
https://yandex.ru/maps/org/kulinarnaya_lavka_bratyev_karavayevykh/100183385407/,100183385407
https://yandex.ru/maps/org/kulinarnaya_lavka_bratyev_karavayevykh/174683922550/,174683922550
https://yandex.ru/maps/org/kulinarnaya_lavka_bratyev_karavayevykh/88837097029/,88837097029
https://yandex.ru/maps/org/la_roste/152892029111/,152892029111
https://yandex.ru/maps/org/leto_blizko/1373307948/,1373307948
https://yandex.ru/maps/org/lindfors/1791334486/,1791334486
https://yandex.ru/maps/org/locals/133937547616/,133937547616
https://yandex.ru/maps/org/lok_stok/1059206513/,1059206513
https://yandex.ru/maps/org/maast/139039082409/,139039082409
https://yandex.ru/maps/org/maestrello/3658485045/,3658485045
https://yandex.ru/maps/org/makaronnaya_lavka/1118777444/,1118777444
https://yandex.ru/maps/org/makarony_zaberi_/131798576523/,131798576523
https://yandex.ru/maps/org/mindal_i_kofe/217797538236/,217797538236
https://yandex.ru/maps/org/molletta/61898964714/,61898964714
https://yandex.ru/maps/org/mon_bon/34452789295/,34452789295
https://yandex.ru/maps/org/mornis/13142329570/,13142329570
https://yandex.ru/maps/org/myata_lounge/129655368798/,129655368798
https://yandex.ru/maps/org/myata_lounge/142250914490/,142250914490
https://yandex.ru/maps/org/myata_lounge/3192664100/,3192664100
https://yandex.ru/maps/org/niyama/196138961392/,196138961392
https://yandex.ru/maps/org/niyama/235153871081/,235153871081
https://yandex.ru/maps/org/osteria_mario/43523721946/,43523721946
https://yandex.ru/maps/org/osteriya_trio/156294581452/,156294581452
https://yandex.ru/maps/org/osteriya_u_salvatore/1302574132/,1302574132
https://yandex.ru/maps/org/palette_dessert/190000696552/,190000696552
https://yandex.ru/maps/org/papa_dzhons/12545053596/,12545053596
https://yandex.ru/maps/org/papan/107075731081/,107075731081
https://yandex.ru/maps/org/pasta_pizza/15691588996/,15691588996
https://yandex.ru/maps/org/pasta_pizza/54443894883/,54443894883
https://yandex.ru/maps/org/pasta_queen/14951134576/,14951134576
https://yandex.ru/maps/org/pasta_queen/79686914167/,79686914167
https://yandex.ru/maps/org/pasta_rizotto/244961781298/,244961781298
https://yandex.ru/maps/org/pastel_de_nata/1630019644/,1630019644
https://yandex.ru/maps/org/patrik_pub/1104152594/,1104152594
https://yandex.ru/maps/org/peperon/198700578119/,198700578119
https://yandex.ru/maps/org/piatto/140930041845/,140930041845
https://yandex.ru/maps/org/pinzeria_by_bontempi/223334261000/,223334261000
https://yandex.ru/maps/org/pitstseriya_pab/1753570082/,1753570082
https://yandex.ru/maps/org/pizza_heart/1692879929/,1692879929
https://yandex.ru/maps/org/politekh/86357216713/,86357216713
https://yandex.ru/maps/org/post_pab/4027945109/,4027945109
https://yandex.ru/maps/org/praktika/244360353929/,244360353929
https://yandex.ru/maps/org/proftesto/10989134759/,10989134759
https://yandex.ru/maps/org/ra_men/15009699164/,15009699164
https://yandex.ru/maps/org/richchi_kaprichchi/178714100764/,178714100764
https://yandex.ru/maps/org/run_pizza/1775952488/,1775952488
https://yandex.ru/maps/org/russkiy_chay/1124430189/,1124430189
https://yandex.ru/maps/org/saletta_coffee/127807466124/,127807466124
https://yandex.ru/maps/org/salone_pasta_bar/40519164563/,40519164563
https://yandex.ru/maps/org/shashlychok/231350315607/,231350315607
https://yandex.ru/maps/org/shefmalina/120649932033/,120649932033
https://yandex.ru/maps/org/sidr/133683014342/,133683014342
https://yandex.ru/maps/org/sio/63709408487/,63709408487
https://yandex.ru/maps/org/siye_pasta/76460700791/,76460700791
https://yandex.ru/maps/org/slyozy_beatris/116686119744/,116686119744
https://yandex.ru/maps/org/sok/1114642420/,1114642420
https://yandex.ru/maps/org/sporco/148974416160/,148974416160
https://yandex.ru/maps/org/sushi_wok/54036848108/,54036848108
https://yandex.ru/maps/org/sushifast/1772896386/,1772896386
https://yandex.ru/maps/org/sushistor/126985591176/,126985591176
https://yandex.ru/maps/org/sushistor/129259117762/,129259117762
https://yandex.ru/maps/org/svarnya/24423603236/,24423603236
https://yandex.ru/maps/org/symposy_wine_tapas/171921867883/,171921867883
https://yandex.ru/maps/org/syto_pyano/187322670458/,187322670458
https://yandex.ru/maps/org/tanuki/142014737923/,142014737923
https://yandex.ru/maps/org/teremok/1077096868/,1077096868
https://yandex.ru/maps/org/the_byk/126302519511/,126302519511
https://yandex.ru/maps/org/the_gallery/164124706623/,164124706623
https://yandex.ru/maps/org/tort_1/39391870154/,39391870154
https://yandex.ru/maps/org/trattoriya_la_famiglia/210226666747/,210226666747
https://yandex.ru/maps/org/trattoriya_pitstsa_peppe/170752399538/,170752399538
https://yandex.ru/maps/org/u_palycha/1086253868/,1086253868
https://yandex.ru/maps/org/u_palycha/1582235987/,1582235987
https://yandex.ru/maps/org/u_palycha/22710985198/,22710985198
https://yandex.ru/maps/org/u_palycha/55666119957/,55666119957
https://yandex.ru/maps/org/u_palycha/84956521906/,84956521906
https://yandex.ru/maps/org/uma/129455805018/,129455805018
https://yandex.ru/maps/org/unlock/92201597912/,92201597912
https://yandex.ru/maps/org/upside_down_cake/1376381278/,1376381278
https://yandex.ru/maps/org/varenichnaya_1/176190912389/,176190912389
https://yandex.ru/maps/org/varenichnaya_1/192336469326/,192336469326
https://yandex.ru/maps/org/varenichnaya_1/95683505829/,95683505829
https://yandex.ru/maps/org/veranda_bar/147621718994/,147621718994
https://yandex.ru/maps/org/verona/1068573482/,1068573482
https://yandex.ru/maps/org/vinny_bazar/168788707032/,168788707032
https://yandex.ru/maps/org/vkusvill/241016370167/,241016370167
https://yandex.ru/maps/org/we_cidreria/104211817041/,104211817041
https://yandex.ru/maps/org/yarche_/116797030808/,116797030808
https://yandex.ru/maps/org/youko/149621240857/,149621240857
https://yandex.ru/maps/org/yu_bistro/43196086249/,43196086249
https://yandex.ru/maps/org/zavarnoy/111811538003/,111811538003
https://yandex.ru/maps/org/zdraste/127227710980/,127227710980
https://yandex.ru/maps/org/zdraste/131441139565/,131441139565
https://yandex.ru/maps/org/zdraste/75007177281/,75007177281
https://yandex.ru/maps/org/10_idealnykh_pitsts/214878143018/,214878143018
https://yandex.ru/maps/org/ariana/1235822470/,1235822470
https://yandex.ru/maps/org/art_sushi/12438245434/,12438245434
https://yandex.ru/maps/org/aziya/36427200296/,36427200296
https://yandex.ru/maps/org/barda_i_ko/90378972296/,90378972296
https://yandex.ru/maps/org/barvikha_lounge/239403477550/,239403477550
https://yandex.ru/maps/org/baza/157885747405/,157885747405
https://yandex.ru/maps/org/beer_bar/145146545953/,145146545953
https://yandex.ru/maps/org/birkhen/1159163708/,1159163708
https://yandex.ru/maps/org/blek_brik/74364680516/,74364680516
https://yandex.ru/maps/org/bollywood/185642048050/,185642048050
https://yandex.ru/maps/org/bora_bora_cafe/1624861886/,1624861886
https://yandex.ru/maps/org/bordo_burger/51351139191/,51351139191
https://yandex.ru/maps/org/borisovskiy/48784037597/,48784037597
https://yandex.ru/maps/org/bp_027/179616513589/,179616513589
https://yandex.ru/maps/org/bryu_kitchen/116123320570/,116123320570
https://yandex.ru/maps/org/bryusoff/201757486638/,201757486638
https://yandex.ru/maps/org/buffet/84685152478/,84685152478
https://yandex.ru/maps/org/bukhanka/136860695199/,136860695199
https://yandex.ru/maps/org/bukhanka/2824988646/,2824988646
https://yandex.ru/maps/org/burger_bull/77132759526/,77132759526
https://yandex.ru/maps/org/burger_club/101957959841/,101957959841
https://yandex.ru/maps/org/burger_club/227150883965/,227150883965
https://yandex.ru/maps/org/burger_king/176167953763/,176167953763
https://yandex.ru/maps/org/byvayet_sladko_byvayet_soleno/106414080577/,106414080577
https://yandex.ru/maps/org/chay_khaus/96430395478/,96430395478
https://yandex.ru/maps/org/chaykhana/107539026286/,107539026286
https://yandex.ru/maps/org/chaykhana_chavandoz/41076585004/,41076585004
https://yandex.ru/maps/org/chaykhana_khan_plov/49870691311/,49870691311
https://yandex.ru/maps/org/chaykhana_samarkand/64286325364/,64286325364
https://yandex.ru/maps/org/chaykhana_zam_zam/240724259522/,240724259522
https://yandex.ru/maps/org/chaykhona_salom/11444535823/,11444535823
https://yandex.ru/maps/org/chayna_tun/187325981247/,187325981247
https://yandex.ru/maps/org/chito_gvrito/166662947725/,166662947725
https://yandex.ru/maps/org/coffee_wake/129556401784/,129556401784
https://yandex.ru/maps/org/curry/130883260340/,130883260340
https://yandex.ru/maps/org/da_vinchi/132305576795/,132305576795
https://yandex.ru/maps/org/dadali/113349421707/,113349421707
https://yandex.ru/maps/org/don_khulio/79813357917/,79813357917
https://yandex.ru/maps/org/doner/10745385096/,10745385096
https://yandex.ru/maps/org/doner_gril/171047824575/,171047824575
https://yandex.ru/maps/org/doner_kebab/149091774795/,149091774795
https://yandex.ru/maps/org/doner_kebab/67581226260/,67581226260
https://yandex.ru/maps/org/doneretto/103469144053/,103469144053
https://yandex.ru/maps/org/donermaniya/40885703854/,40885703854
https://yandex.ru/maps/org/dzhondzholi/196075195730/,196075195730
https://yandex.ru/maps/org/family_food/140483588042/,140483588042
https://yandex.ru/maps/org/fitnes_kafe_ot_xfit/141434827256/,141434827256
https://yandex.ru/maps/org/florentsiya/60992547615/,60992547615
https://yandex.ru/maps/org/fo_fyong/96358494738/,96358494738
https://yandex.ru/maps/org/food_taxi/210710118933/,210710118933
https://yandex.ru/maps/org/fortuna/165633663739/,165633663739
https://yandex.ru/maps/org/franklins_burger/50827953165/,50827953165
https://yandex.ru/maps/org/fresh_doner/130551892444/,130551892444
https://yandex.ru/maps/org/fresh_light_bar/135382745692/,135382745692
https://yandex.ru/maps/org/gagawa/9379485693/,9379485693
https://yandex.ru/maps/org/gap_ola/168287733362/,168287733362
https://yandex.ru/maps/org/granat/168731275591/,168731275591
https://yandex.ru/maps/org/high_ground/87749481670/,87749481670
https://yandex.ru/maps/org/holy_craft_bar/133131113810/,133131113810
https://yandex.ru/maps/org/hookahplace_life/143683058547/,143683058547
https://yandex.ru/maps/org/hookahplace_siberia/13061822700/,13061822700
https://yandex.ru/maps/org/i_cup/231029927072/,231029927072
https://yandex.ru/maps/org/il_patio/158347457265/,158347457265
https://yandex.ru/maps/org/imperiya_pitstsy/205296523023/,205296523023
https://yandex.ru/maps/org/inturist_kolomenskoye/1213853837/,1213853837
https://yandex.ru/maps/org/ippin_fusion_panasia/149475039831/,149475039831
https://yandex.ru/maps/org/ippin_fusion_panasia/174928864512/,174928864512
https://yandex.ru/maps/org/ivan_chay/107405237412/,107405237412
https://yandex.ru/maps/org/kafe_kavkazskoy_kukhni/215399682320/,215399682320
https://yandex.ru/maps/org/kailas_catering/138937849476/,138937849476
https://yandex.ru/maps/org/kapuchinoff/1062177570/,1062177570
https://yandex.ru/maps/org/karavan/201804307076/,201804307076
https://yandex.ru/maps/org/kebab_khaus/120363108065/,120363108065
https://yandex.ru/maps/org/kebabpoint/110843938400/,110843938400
https://yandex.ru/maps/org/khinkali_so/18188956111/,18188956111
https://yandex.ru/maps/org/kofe_s_soboy/194491089357/,194491089357
https://yandex.ru/maps/org/kolokol/90230850516/,90230850516
https://yandex.ru/maps/org/kontras/183088058490/,183088058490
https://yandex.ru/maps/org/koshka/18609318405/,18609318405
https://yandex.ru/maps/org/kranchi_drim/105819318145/,105819318145
https://yandex.ru/maps/org/kristall/113619076284/,113619076284
https://yandex.ru/maps/org/kukhnya_polli/1723481448/,1723481448
https://yandex.ru/maps/org/lavka_pirogov/141015255072/,141015255072
https://yandex.ru/maps/org/lepyoshki_ot_matreshki/227206356149/,227206356149
https://yandex.ru/maps/org/lounge_wood/121311404044/,121311404044
https://yandex.ru/maps/org/lui/1937330135/,1937330135
https://yandex.ru/maps/org/lya_fantazi/145939878458/,145939878458
https://yandex.ru/maps/org/lya_fantazi/66953973569/,66953973569
https://yandex.ru/maps/org/magiya_shashlyka/219347135359/,219347135359
https://yandex.ru/maps/org/manana/80019873228/,80019873228
https://yandex.ru/maps/org/mangal_khaus/113868525164/,113868525164
https://yandex.ru/maps/org/mellow_yellow/184016085533/,184016085533
https://yandex.ru/maps/org/milena/221385271552/,221385271552
https://yandex.ru/maps/org/more_testo/113977079736/,113977079736
https://yandex.ru/maps/org/more_yest/197107169823/,197107169823
https://yandex.ru/maps/org/moremaniya/67670438287/,67670438287
https://yandex.ru/maps/org/mos_lounge_bar/164709535263/,164709535263
https://yandex.ru/maps/org/moskovskiy/1367635499/,1367635499
https://yandex.ru/maps/org/mr_shishka/169766303518/,169766303518
https://yandex.ru/maps/org/mumtaj_mahal/123378358202/,123378358202
https://yandex.ru/maps/org/myata_long/244711747705/,244711747705
https://yandex.ru/maps/org/myata_lounge/129496467540/,129496467540
https://yandex.ru/maps/org/myata_platinum/239619291990/,239619291990
https://yandex.ru/maps/org/nebelka/22171396489/,22171396489
https://yandex.ru/maps/org/obed_1/78389442652/,78389442652
https://yandex.ru/maps/org/onigiri/189567369359/,189567369359
https://yandex.ru/maps/org/opyata/1155476869/,1155476869
https://yandex.ru/maps/org/orekhovy_bulvar/101718515224/,101718515224
https://yandex.ru/maps/org/osetinskiye_pirogi/18925372138/,18925372138
https://yandex.ru/maps/org/papa_gio/19740213915/,19740213915
https://yandex.ru/maps/org/papa_puri/234794629818/,234794629818
https://yandex.ru/maps/org/pasta_pesto/49477559555/,49477559555
https://yandex.ru/maps/org/pekarnya_lyubimaya/22576276486/,22576276486
https://yandex.ru/maps/org/pho_anh_hien/222728463770/,222728463770
https://yandex.ru/maps/org/pho_dat_viet/73509901311/,73509901311
https://yandex.ru/maps/org/pkhenyan/103539116988/,103539116988
https://yandex.ru/maps/org/plov_gotov/26102837388/,26102837388
https://yandex.ru/maps/org/proizvodstvo_produktov_pitaniya_tsaritsyno/81419697005/,81419697005
https://yandex.ru/maps/org/prolunch/131372198907/,131372198907
https://yandex.ru/maps/org/prosto_sushi/212248313929/,212248313929
https://yandex.ru/maps/org/purkin_s_pub/11521312832/,11521312832
https://yandex.ru/maps/org/pyatnitsa/131169964161/,131169964161
https://yandex.ru/maps/org/rancho_k3/77971278980/,77971278980
https://yandex.ru/maps/org/restoran/213598717164/,213598717164
https://yandex.ru/maps/org/ruspitstsa/1740970664/,1740970664
https://yandex.ru/maps/org/s_kafe/14257106516/,14257106516
https://yandex.ru/maps/org/sezon_grilya/182657997924/,182657997924
https://yandex.ru/maps/org/sfoboda/232379147004/,232379147004
https://yandex.ru/maps/org/shankhay/135336580926/,135336580926
https://yandex.ru/maps/org/shashlyk/121259655509/,121259655509
https://yandex.ru/maps/org/shashlyki_shaurma/123224309077/,123224309077
https://yandex.ru/maps/org/shaurma/109241320635/,109241320635
https://yandex.ru/maps/org/shaurma/23963854660/,23963854660
https://yandex.ru/maps/org/shaurmaniya/15110615498/,15110615498
https://yandex.ru/maps/org/shaurmaniya_aleks_fitnes/11013456278/,11013456278
https://yandex.ru/maps/org/shaverma/10455442303/,10455442303
https://yandex.ru/maps/org/shivam/163434968424/,163434968424
https://yandex.ru/maps/org/shokunin/154707621573/,154707621573
https://yandex.ru/maps/org/shvartskayzer/82035456461/,82035456461
https://yandex.ru/maps/org/siti_pitstsa/135919333947/,135919333947
https://yandex.ru/maps/org/siti_pitstsa/160830261837/,160830261837
https://yandex.ru/maps/org/siti_pitstsa/198140591245/,198140591245
https://yandex.ru/maps/org/subjoy/1719994629/,1719994629
https://yandex.ru/maps/org/sushi/110375830055/,110375830055
https://yandex.ru/maps/org/sushi_sale/76110083713/,76110083713
https://yandex.ru/maps/org/sushi_set/36371323817/,36371323817
https://yandex.ru/maps/org/sushi_shop_premium/90988746736/,90988746736
https://yandex.ru/maps/org/sushistor/88535700725/,88535700725
https://yandex.ru/maps/org/syogun/159764911963/,159764911963
https://yandex.ru/maps/org/syty_los/1202426851/,1202426851
https://yandex.ru/maps/org/tabriz/1033657770/,1033657770
https://yandex.ru/maps/org/tandyrnaya/69453250087/,69453250087
https://yandex.ru/maps/org/tanuki/1148824647/,1148824647
https://yandex.ru/maps/org/tanuki/1192495226/,1192495226
https://yandex.ru/maps/org/tanuki/1243183259/,1243183259
https://yandex.ru/maps/org/tanuki/1246035948/,1246035948
https://yandex.ru/maps/org/teremok/134744754494/,134744754494
https://yandex.ru/maps/org/teremok/150021963802/,150021963802
https://yandex.ru/maps/org/tgi_fridays/214196859463/,214196859463
https://yandex.ru/maps/org/the_best_burgers/129740379665/,129740379665
https://yandex.ru/maps/org/tortberi/186749462931/,186749462931
https://yandex.ru/maps/org/totoro/109577764389/,109577764389
https://yandex.ru/maps/org/totoro/117230157342/,117230157342
https://yandex.ru/maps/org/tri_samuraya_premium_sushi/167019851726/,167019851726
https://yandex.ru/maps/org/tyanya/138378623937/,138378623937
https://yandex.ru/maps/org/u_palycha/1112667773/,1112667773
https://yandex.ru/maps/org/u_palycha/212925011814/,212925011814
https://yandex.ru/maps/org/umai/147539337622/,147539337622
https://yandex.ru/maps/org/unopitstsa/164771926816/,164771926816
https://yandex.ru/maps/org/vidnaya_usadba/1811213710/,1811213710
https://yandex.ru/maps/org/viet_quan/209762599866/,209762599866
https://yandex.ru/maps/org/viet_quan/43853452102/,43853452102
https://yandex.ru/maps/org/vyet_lotos/179180659081/,179180659081
https://yandex.ru/maps/org/vyetnamskaya_kukhnya/109859078660/,109859078660
https://yandex.ru/maps/org/wok_ris/41570774798/,41570774798
https://yandex.ru/maps/org/wokker/1277459909/,1277459909
https://yandex.ru/maps/org/yakitoriya/1229021382/,1229021382
https://yandex.ru/maps/org/yalla/237702140159/,237702140159
https://yandex.ru/maps/org/yami_yami/99960220272/,99960220272
https://yandex.ru/maps/org/yeseniya/109546203112/,109546203112
https://yandex.ru/maps/org/yeyo_velichestvo_yekaterina_vtoraya/1083718735/,1083718735
https://yandex.ru/maps/org/yobidoyobi/62516462454/,62516462454
https://yandex.ru/maps/org/yorsh/1018791428/,1018791428
https://yandex.ru/maps/org/zerno/230588814293/,230588814293
https://yandex.ru/maps/org/alaska/61779589572/,61779589572
https://yandex.ru/maps/org/ami_chaise/46100062934/,46100062934
https://yandex.ru/maps/org/anchovy_s_club/214459289040/,214459289040
https://yandex.ru/maps/org/bashnya_dedushki_merlina/11004326911/,11004326911
https://yandex.ru/maps/org/bibirevo/157051309120/,157051309120
https://yandex.ru/maps/org/brasserie_2_0/132693640072/,132693640072
https://yandex.ru/maps/org/brasserie_kuznetskiy_most/147243197004/,147243197004
https://yandex.ru/maps/org/carniceria_vino/30112332630/,30112332630
https://yandex.ru/maps/org/ch_/204214917412/,204214917412
https://yandex.ru/maps/org/chaykhona_1/117966646317/,117966646317
https://yandex.ru/maps/org/derby/1265515636/,1265515636
https://yandex.ru/maps/org/el_pimpi/176721649030/,176721649030
https://yandex.ru/maps/org/firelake/228022126099/,228022126099
https://yandex.ru/maps/org/flacon_lounge/58712507684/,58712507684
https://yandex.ru/maps/org/frank_by_basta/174457686347/,174457686347
https://yandex.ru/maps/org/frank_by_basta/204733576149/,204733576149
https://yandex.ru/maps/org/frank_by_basta/22642467915/,22642467915
https://yandex.ru/maps/org/frank_by_basta/242358299487/,242358299487
https://yandex.ru/maps/org/frank_by_basta/50076136467/,50076136467
https://yandex.ru/maps/org/fusion/138624480134/,138624480134
https://yandex.ru/maps/org/gastrobar_grafa/124737236056/,124737236056
https://yandex.ru/maps/org/glavdoner/117934715392/,117934715392
https://yandex.ru/maps/org/ikura_izakaya_nikkei_by_wrf/148988545173/,148988545173
https://yandex.ru/maps/org/kafe_7_30/21879146665/,21879146665
https://yandex.ru/maps/org/khaos_gastro_osobnyak/87661217506/,87661217506
https://yandex.ru/maps/org/khinkalnaya_karaoke_el_staut/131406063370/,131406063370
https://yandex.ru/maps/org/khosper_khaus/231514138344/,231514138344
https://yandex.ru/maps/org/kleshni_i_khvosty/145631640748/,145631640748
https://yandex.ru/maps/org/kleshni_i_khvosty/47238200330/,47238200330
https://yandex.ru/maps/org/kochegar/229142126402/,229142126402
https://yandex.ru/maps/org/korazon/177375743226/,177375743226
https://yandex.ru/maps/org/krombacher_beerkitchen/89655341717/,89655341717
https://yandex.ru/maps/org/l_atelier_petrovka/54250855823/,54250855823
https://yandex.ru/maps/org/life_story/218500012022/,218500012022
https://yandex.ru/maps/org/look_up_cafe_shop/195701941358/,195701941358
https://yandex.ru/maps/org/manul/37372557599/,37372557599
https://yandex.ru/maps/org/marmo/31227311328/,31227311328
https://yandex.ru/maps/org/meat_coin/96108963814/,96108963814
https://yandex.ru/maps/org/meat_dealers/218628794601/,218628794601
https://yandex.ru/maps/org/mit_kryu/74605855487/,74605855487
https://yandex.ru/maps/org/mor_/13342188206/,13342188206
https://yandex.ru/maps/org/myasnaya_karta/71934650072/,71934650072
https://yandex.ru/maps/org/myasnitskiy/145651293516/,145651293516
https://yandex.ru/maps/org/myata_lounge/151034764041/,151034764041
https://yandex.ru/maps/org/narnia/35188582333/,35188582333
https://yandex.ru/maps/org/nouge/133362190797/,133362190797
https://yandex.ru/maps/org/nove/24794469375/,24794469375
https://yandex.ru/maps/org/one_chef_studio/66032545312/,66032545312
https://yandex.ru/maps/org/onli_vayn/142057533877/,142057533877
https://yandex.ru/maps/org/patriki/108379895654/,108379895654
https://yandex.ru/maps/org/pavlin_2_0/55323631871/,55323631871
https://yandex.ru/maps/org/petrushka/162990378127/,162990378127
https://yandex.ru/maps/org/phoenix_wine_foodlounge/166716505012/,166716505012
https://yandex.ru/maps/org/pio_rosello/233101041818/,233101041818
https://yandex.ru/maps/org/prilichnyye_lyudi/24311103926/,24311103926
https://yandex.ru/maps/org/profitrolly/181700290674/,181700290674
https://yandex.ru/maps/org/rayskiy_sad/232744353444/,232744353444
https://yandex.ru/maps/org/really_bar/165488653880/,165488653880
https://yandex.ru/maps/org/resentin/203835448532/,203835448532
https://yandex.ru/maps/org/richy_richy/218425036766/,218425036766
https://yandex.ru/maps/org/rizz/19856145643/,19856145643
https://yandex.ru/maps/org/sakhar/221647295643/,221647295643
https://yandex.ru/maps/org/salden_s_taphouse/51850090499/,51850090499
https://yandex.ru/maps/org/salden_s_taphouse/52628070422/,52628070422
https://yandex.ru/maps/org/shanuar/4015042547/,4015042547
https://yandex.ru/maps/org/shashlychnaya_zhara/210900841313/,210900841313
https://yandex.ru/maps/org/shchi/218825756116/,218825756116
https://yandex.ru/maps/org/shvartskayzer/1763023147/,1763023147
https://yandex.ru/maps/org/skazka/1118543178/,1118543178
https://yandex.ru/maps/org/stay/161798540090/,161798540090
https://yandex.ru/maps/org/sugar_bistro/112427691212/,112427691212
https://yandex.ru/maps/org/svarnya/1339028056/,1339028056
https://yandex.ru/maps/org/syndicate_platinum/204560472727/,204560472727
https://yandex.ru/maps/org/syrovarnya/210255928023/,210255928023
https://yandex.ru/maps/org/syrovarnya/29118187613/,29118187613
https://yandex.ru/maps/org/syto_pyano/222482217438/,222482217438
https://yandex.ru/maps/org/taam_hummus_bar_4_0/71119919522/,71119919522
https://yandex.ru/maps/org/tavaaduree/243831329832/,243831329832
https://yandex.ru/maps/org/temple_bar/122642050676/,122642050676
https://yandex.ru/maps/org/temu/141658157574/,141658157574
https://yandex.ru/maps/org/the_maple_bar/110066906904/,110066906904
https://yandex.ru/maps/org/true_cost/147141625132/,147141625132
https://yandex.ru/maps/org/true_cost/192977580758/,192977580758
https://yandex.ru/maps/org/vsyo_yest/198952568017/,198952568017
https://yandex.ru/maps/org/yorsh/1088909649/,1088909649
https://yandex.ru/maps/org/zoyka/46565865704/,46565865704
https://yandex.com/maps/org/116018139875/,116018139875
https://yandex.com/maps/org/17518310737/,17518310737
https://yandex.com/maps/org/226483630387/,226483630387
https://yandex.com/maps/org/43914916233/,43914916233
https://yandex.com/maps/org/86220005261/,86220005261
https://yandex.com/maps/org/abricos/149781591994/,149781591994
https://yandex.com/maps/org/akademiya/1177411483/,1177411483
https://yandex.com/maps/org/akademiya/1307988810/,1307988810
https://yandex.com/maps/org/asakusa/137819504531/,137819504531
https://yandex.com/maps/org/ashan/1055413108/,1055413108
https://yandex.com/maps/org/asia/49689462319/,49689462319
https://yandex.com/maps/org/asia_city/137416278853/,137416278853
https://yandex.com/maps/org/asia_gourmet/55334617719/,55334617719
https://yandex.com/maps/org/asia_mini/154916420332/,154916420332
https://yandex.com/maps/org/asian_street_food/191193798644/,191193798644
https://yandex.com/maps/org/aziaty/154315526618/,154315526618
https://yandex.com/maps/org/aziya_sovsem_blizko/111349879802/,111349879802
https://yandex.com/maps/org/b_/127578962621/,127578962621
https://yandex.com/maps/org/b_/1615048931/,1615048931
https://yandex.com/maps/org/b_/168791819324/,168791819324
https://yandex.com/maps/org/b_/218044309937/,218044309937
https://yandex.com/maps/org/b_/37402747730/,37402747730
https://yandex.com/maps/org/b_/42412638808/,42412638808
https://yandex.com/maps/org/b_/83422100758/,83422100758
https://yandex.com/maps/org/ba_dinh/216182078605/,216182078605
https://yandex.com/maps/org/baan_thai/1257781464/,1257781464
https://yandex.com/maps/org/bakery/1212540197/,1212540197
https://yandex.com/maps/org/beaumonde_lounge/1803019794/,1803019794
https://yandex.com/maps/org/biwon/49807541183/,49807541183
https://yandex.com/maps/org/bo34/165874221772/,165874221772
https://yandex.com/maps/org/bo_bubble_tea_coffee/217023139136/,217023139136
https://yandex.com/maps/org/bo_cha/148137327402/,148137327402
https://yandex.com/maps/org/bo_food/165471844413/,165471844413
https://yandex.com/maps/org/bo_food/50170713442/,50170713442
https://yandex.com/maps/org/bobo_gym/1188430314/,1188430314
https://yandex.com/maps/org/bolshoy_fo/179736532222/,179736532222
https://yandex.com/maps/org/bruzga/5271647045/,5271647045
https://yandex.com/maps/org/bubbasheri/166354231655/,166354231655
https://yandex.com/maps/org/butirsky_market/1040313828/,1040313828
https://yandex.com/maps/org/cafe_saigon/1246218246/,1246218246
https://yandex.com/maps/org/california/98812581450/,98812581450
https://yandex.com/maps/org/catch/36700959360/,36700959360
https://yandex.com/maps/org/chaudeau/1248252969/,1248252969
https://yandex.com/maps/org/chay_mira/241966501234/,241966501234
https://yandex.com/maps/org/chicko/125998466335/,125998466335
https://yandex.com/maps/org/chicko/203381751653/,203381751653
https://yandex.com/maps/org/chiho/223307048500/,223307048500
https://yandex.com/maps/org/chin/223364170369/,223364170369
https://yandex.com/maps/org/chinese_cuisine/134807765819/,134807765819
https://yandex.com/maps/org/chow_chow_asian_bar_food/83682949703/,83682949703
https://yandex.com/maps/org/chu_chu_tea/36864858373/,36864858373
https://yandex.com/maps/org/ciao/22267688477/,22267688477
https://yandex.com/maps/org/com/170191130860/,170191130860
https://yandex.com/maps/org/com/176827813995/,176827813995
https://yandex.com/maps/org/com/43462326521/,43462326521
https://yandex.com/maps/org/com_1989/122276171644/,122276171644
https://yandex.com/maps/org/com_1989/141563411266/,141563411266
https://yandex.com/maps/org/com_1989/198881986409/,198881986409
https://yandex.com/maps/org/com_1989/240544738763/,240544738763
https://yandex.com/maps/org/com_1989/38317139494/,38317139494
https://yandex.com/maps/org/com_1989/42824013682/,42824013682
https://yandex.com/maps/org/com_1989/80248534067/,80248534067
https://yandex.com/maps/org/com_pho/101740424461/,101740424461
https://yandex.com/maps/org/corner_cafe_kitchen/151536216990/,151536216990
https://yandex.com/maps/org/culinary_shop_of_the_karavaev_brothers/1346777533/,1346777533
https://yandex.com/maps/org/culinary_shop_of_the_karavaev_brothers/149256759337/,149256759337
https://yandex.com/maps/org/culinary_shop_of_the_karavaev_brothers/90077402105/,90077402105
https://yandex.com/maps/org/cvc/161280944640/,161280944640
https://yandex.com/maps/org/danilovsky_market/1153774129/,1153774129
https://yandex.com/maps/org/devyat_drakonov/55767618757/,55767618757
https://yandex.com/maps/org/di_an/86794318724/,86794318724
https://yandex.com/maps/org/di_an_pho/218341737196/,218341737196
https://yandex.com/maps/org/di_flavio/1792261545/,1792261545
https://yandex.com/maps/org/dimsum_co/153449319284/,153449319284
https://yandex.com/maps/org/dimsum_co/173386521518/,173386521518
https://yandex.com/maps/org/dimsum_co/78702404357/,78702404357
https://yandex.com/maps/org/dostayevskiy/215114681323/,215114681323
https://yandex.com/maps/org/dostayevskiy/227690771701/,227690771701
https://yandex.com/maps/org/dostayevskiy/63176971988/,63176971988
https://yandex.com/maps/org/eastoria/101790955736/,101790955736
https://yandex.com/maps/org/eat_market/185081122114/,185081122114
https://yandex.com/maps/org/fabrika_bo/230064113959/,230064113959
https://yandex.com/maps/org/fix_price/1120660425/,1120660425
https://yandex.com/maps/org/fo_bo/170073205480/,170073205480
https://yandex.com/maps/org/fo_bo/79264166919/,79264166919
https://yandex.com/maps/org/fo_bo_83/190846113936/,190846113936
https://yandex.com/maps/org/fo_bo_83/239620632683/,239620632683
https://yandex.com/maps/org/fo_bo_i_tom_yam/45163365616/,45163365616
https://yandex.com/maps/org/fo_bo_street/76344898508/,76344898508
https://yandex.com/maps/org/fo_bo_tom_yam/118040230239/,118040230239
https://yandex.com/maps/org/fo_bo_tom_yam/129501658509/,129501658509
https://yandex.com/maps/org/fo_bo_tom_yam/22430285623/,22430285623
https://yandex.com/maps/org/fo_nyachang/22279131731/,22279131731
https://yandex.com/maps/org/fo_shi_min/137033072033/,137033072033
https://yandex.com/maps/org/fo_shi_min/2826335697/,2826335697
https://yandex.com/maps/org/fo_strit_trio/128371819022/,128371819022
https://yandex.com/maps/org/fo_ten/154101510059/,154101510059
https://yandex.com/maps/org/fo_tom/21367981214/,21367981214
https://yandex.com/maps/org/fo_vyet/57253811473/,57253811473
https://yandex.com/maps/org/fochnaya/142324632733/,142324632733
https://yandex.com/maps/org/foodband/187003798510/,187003798510
https://yandex.com/maps/org/foodband/199611813844/,199611813844
https://yandex.com/maps/org/foodband/210122282870/,210122282870
https://yandex.com/maps/org/foodband_ru/141217547754/,141217547754
https://yandex.com/maps/org/foodband_ru/148975599221/,148975599221
https://yandex.com/maps/org/foodband_ru/158149144275/,158149144275
https://yandex.com/maps/org/foodband_ru/200856368922/,200856368922
https://yandex.com/maps/org/foodband_ru/57383303890/,57383303890
https://yandex.com/maps/org/foodband_ru/77869518251/,77869518251
https://yandex.com/maps/org/foodmall_privoz/42288799896/,42288799896
https://yandex.com/maps/org/forrest/12499309805/,12499309805
https://yandex.com/maps/org/fudsayd/229640007121/,229640007121
https://yandex.com/maps/org/fusion_pizza/6921739074/,6921739074
https://yandex.com/maps/org/gaijin_asian_bistro/27645783526/,27645783526
https://yandex.com/maps/org/gastromarket_fili/36818030772/,36818030772
https://yandex.com/maps/org/giraffe/100550749655/,100550749655
https://yandex.com/maps/org/giraffe/60888846559/,60888846559
https://yandex.com/maps/org/giraffe/90389547057/,90389547057
https://yandex.com/maps/org/globus_gipermarket/190278434259/,190278434259
https://yandex.com/maps/org/globus_restaurant/76967020203/,76967020203
https://yandex.com/maps/org/good_news/29854930476/,29854930476
https://yandex.com/maps/org/gurmaniya/229989026321/,229989026321
https://yandex.com/maps/org/gurmaniya/46795322470/,46795322470
https://yandex.com/maps/org/gurmaniya/72871233216/,72871233216
https://yandex.com/maps/org/hanoi_food/168870381278/,168870381278
https://yandex.com/maps/org/hanoi_food/198904300384/,198904300384
https://yandex.com/maps/org/hanoi_food_drinks/190451773324/,190451773324
https://yandex.com/maps/org/hatimaki/150911593869/,150911593869
https://yandex.com/maps/org/hatimaki/172897585615/,172897585615
https://yandex.com/maps/org/hatimaki/220851906316/,220851906316
https://yandex.com/maps/org/hatimaki/63215803361/,63215803361
https://yandex.com/maps/org/iceyou/114248051919/,114248051919
https://yandex.com/maps/org/iceyou/142844626360/,142844626360
https://yandex.com/maps/org/ichiban_boshi/1334449758/,1334449758
https://yandex.com/maps/org/itaewon_ramen_bar_bubble_tea/62946992208/,62946992208
https://yandex.com/maps/org/izbushka_pho/29574138656/,29574138656
https://yandex.com/maps/org/japanese_restaurant_take/1186564720/,1186564720
https://yandex.com/maps/org/jojo/46269725013/,46269725013
https://yandex.com/maps/org/keanu/1330411507/,1330411507
https://yandex.com/maps/org/kitchen/19314786441/,19314786441
https://yandex.com/maps/org/kofood/162023945546/,162023945546
https://yandex.com/maps/org/koji/122754332962/,122754332962
https://yandex.com/maps/org/kom1989/196295240199/,196295240199
https://yandex.com/maps/org/kom_1989/105967756413/,105967756413
https://yandex.com/maps/org/korshop/37101021786/,37101021786
https://yandex.com/maps/org/korshop_ru/119403927977/,119403927977
https://yandex.com/maps/org/krasnyj_drakon/178760879333/,178760879333
https://yandex.com/maps/org/kuulklever_myasnov_otdokhni/1188154019/,1188154019
https://yandex.com/maps/org/kuulklever_myasnov_otdokhni/1218828552/,1218828552
https://yandex.com/maps/org/kuulklever_myasnov_otdokhni/219147434265/,219147434265
https://yandex.com/maps/org/kyomei/234988610168/,234988610168
https://yandex.com/maps/org/la_c_qu_n/120690025359/,120690025359
https://yandex.com/maps/org/la_c_qu_n/131599494065/,131599494065
https://yandex.com/maps/org/la_c_qu_n/142387322597/,142387322597
https://yandex.com/maps/org/la_c_qu_n/49018134977/,49018134977
https://yandex.com/maps/org/la_c_qu_n/59583255756/,59583255756
https://yandex.com/maps/org/la_c_qu_n/93124932501/,93124932501
https://yandex.com/maps/org/lanis/143962347505/,143962347505
https://yandex.com/maps/org/lee/229406564842/,229406564842
https://yandex.com/maps/org/leningradsky/1033611857/,1033611857
https://yandex.com/maps/org/li/74228911499/,74228911499
https://yandex.com/maps/org/little_hanoi/166866951449/,166866951449
https://yandex.com/maps/org/lounge_depo/71227265566/,71227265566
https://yandex.com/maps/org/m_n_u/108272606208/,108272606208
https://yandex.com/maps/org/madam_yen/91841596153/,91841596153
https://yandex.com/maps/org/magma_lounge/99892816150/,99892816150
https://yandex.com/maps/org/makaki_maki/49478300967/,49478300967
https://yandex.com/maps/org/mamamai/190534685555/,190534685555
https://yandex.com/maps/org/mamamai/35935381153/,35935381153
https://yandex.com/maps/org/mechanics_kitchen/102520064484/,102520064484
https://yandex.com/maps/org/melnica/148759043097/,148759043097
https://yandex.com/maps/org/melnitsa/154236631566/,154236631566
https://yandex.com/maps/org/melnitsa/222316115780/,222316115780
https://yandex.com/maps/org/melnitsa/73486263895/,73486263895
https://yandex.com/maps/org/midiynoe_mesto/123685264322/,123685264322
https://yandex.com/maps/org/misha_fisher_in_asia/120056242043/,120056242043
https://yandex.com/maps/org/misha_fisher_in_jaffa/61770088468/,61770088468
https://yandex.com/maps/org/moc_quan_bubble_tea_and_coffe/2928920086/,2928920086
https://yandex.com/maps/org/mon_viet/202124770616/,202124770616
https://yandex.com/maps/org/monterosso/184376331077/,184376331077
https://yandex.com/maps/org/mr_bao/69637698050/,69637698050
https://yandex.com/maps/org/mui_ne_kafe/6536989405/,6536989405
https://yandex.com/maps/org/myata_lounge/216308746722/,216308746722
https://yandex.com/maps/org/myata_platinum/117504920607/,117504920607
https://yandex.com/maps/org/myata_platinum/12575712107/,12575712107
https://yandex.com/maps/org/myata_platinum/202180593282/,202180593282
https://yandex.com/maps/org/myata_signature/190406307656/,190406307656
https://yandex.com/maps/org/na_vertolete/14491033516/,14491033516
https://yandex.com/maps/org/nang_kafe/52960670092/,52960670092
https://yandex.com/maps/org/nash_vietnam/58655723388/,58655723388
https://yandex.com/maps/org/nghe/5475645744/,5475645744
https://yandex.com/maps/org/ngon/128047154424/,128047154424
https://yandex.com/maps/org/ngon/191102982358/,191102982358
https://yandex.com/maps/org/ngon/202577881568/,202577881568
https://yandex.com/maps/org/ngon/227709887631/,227709887631
https://yandex.com/maps/org/ngon/245309530139/,245309530139
https://yandex.com/maps/org/ngon/57058236272/,57058236272
https://yandex.com/maps/org/ngon/81951689948/,81951689948
https://yandex.com/maps/org/nho/141508452339/,141508452339
https://yandex.com/maps/org/nippon_cafe/122727018347/,122727018347
https://yandex.com/maps/org/niyama/1139063768/,1139063768
https://yandex.com/maps/org/niyama/210816115922/,210816115922
https://yandex.com/maps/org/o_phobo/131385125876/,131385125876
https://yandex.com/maps/org/oishii/112684040591/,112684040591
https://yandex.com/maps/org/osenniy_lis/75016057334/,75016057334
https://yandex.com/maps/org/panasia_festivalnoe/242188452415/,242188452415
https://yandex.com/maps/org/panda/192130691085/,192130691085
https://yandex.com/maps/org/pattaya_thai_street/51086399246/,51086399246
https://yandex.com/maps/org/pho/186320239135/,186320239135
https://yandex.com/maps/org/pho/204170479743/,204170479743
https://yandex.com/maps/org/pho29/43098684490/,43098684490
https://yandex.com/maps/org/pho_1/41987489456/,41987489456
https://yandex.com/maps/org/pho_34/129678115266/,129678115266
https://yandex.com/maps/org/pho_an_khang/114399144838/,114399144838
https://yandex.com/maps/org/pho_beo/151417019054/,151417019054
https://yandex.com/maps/org/pho_bo/125623147338/,125623147338
https://yandex.com/maps/org/pho_bo_365/118300184192/,118300184192
https://yandex.com/maps/org/pho_bo_ht/234456950219/,234456950219
https://yandex.com/maps/org/pho_bo_tom_yam/117912028171/,117912028171
https://yandex.com/maps/org/pho_bo_tom_yum/162602785634/,162602785634
https://yandex.com/maps/org/pho_chan/156682765202/,156682765202
https://yandex.com/maps/org/pho_city/132507706028/,132507706028
https://yandex.com/maps/org/pho_city/151553880975/,151553880975
https://yandex.com/maps/org/pho_city/157873766370/,157873766370
https://yandex.com/maps/org/pho_city/172484312896/,172484312896
https://yandex.com/maps/org/pho_city/35761474287/,35761474287
https://yandex.com/maps/org/pho_city/49922478382/,49922478382
https://yandex.com/maps/org/pho_city/57941097857/,57941097857
https://yandex.com/maps/org/pho_city/65639964112/,65639964112
https://yandex.com/maps/org/pho_city/73057054536/,73057054536
https://yandex.com/maps/org/pho_cong/162181895937/,162181895937
https://yandex.com/maps/org/pho_dat_viet/57411148516/,57411148516
https://yandex.com/maps/org/pho_express/77181257361/,77181257361
https://yandex.com/maps/org/pho_go/64723984487/,64723984487
https://yandex.com/maps/org/pho_hops/106590190906/,106590190906
https://yandex.com/maps/org/pho_house/221257241907/,221257241907
https://yandex.com/maps/org/pho_house/85459272594/,85459272594
https://yandex.com/maps/org/pho_khaleo/109458224773/,109458224773
https://yandex.com/maps/org/pho_khanoy/196749253112/,196749253112
https://yandex.com/maps/org/pho_ly_quoc_su/72221635307/,72221635307
https://yandex.com/maps/org/pho_nanag/183853282438/,183853282438
https://yandex.com/maps/org/pho_ngon/121851119533/,121851119533
https://yandex.com/maps/org/pho_ngon/144753959682/,144753959682
https://yandex.com/maps/org/pho_ngon/146124413402/,146124413402
https://yandex.com/maps/org/pho_ngon/183039303461/,183039303461
https://yandex.com/maps/org/pho_ngon/197158823613/,197158823613
https://yandex.com/maps/org/pho_ngon/216093018872/,216093018872
https://yandex.com/maps/org/pho_ngon/220405955833/,220405955833
https://yandex.com/maps/org/pho_ngon/225777144955/,225777144955
https://yandex.com/maps/org/pho_ngon/53378345443/,53378345443
https://yandex.com/maps/org/pho_ngon/56908819036/,56908819036
https://yandex.com/maps/org/pho_ngon/83036764507/,83036764507
https://yandex.com/maps/org/pho_nong/107066649034/,107066649034
https://yandex.com/maps/org/pho_oanh/206485438024/,206485438024
https://yandex.com/maps/org/pho_oanh/26405884015/,26405884015
https://yandex.com/maps/org/pho_oanh/66763307387/,66763307387
https://yandex.com/maps/org/pho_oanh/83730012779/,83730012779
https://yandex.com/maps/org/pho_pho/156306664723/,156306664723
https://yandex.com/maps/org/pho_street/108126806339/,108126806339
https://yandex.com/maps/org/pho_street/193044144519/,193044144519
https://yandex.com/maps/org/pho_street/51821129631/,51821129631
https://yandex.com/maps/org/pho_thin/193383519634/,193383519634
https://yandex.com/maps/org/pho_viet/102661914327/,102661914327
https://yandex.com/maps/org/pho_viet/199960266743/,199960266743
https://yandex.com/maps/org/pho_viet/211829240578/,211829240578
https://yandex.com/maps/org/pho_viet/214357013784/,214357013784
https://yandex.com/maps/org/pho_viet/216589123600/,216589123600
https://yandex.com/maps/org/pho_viet/234030679746/,234030679746
https://yandex.com/maps/org/pho_viet/41133804154/,41133804154
https://yandex.com/maps/org/pho_viet/55621985618/,55621985618
https://yandex.com/maps/org/pho_viet/88577054439/,88577054439
https://yandex.com/maps/org/pho_vietnamese_street_food/161230091406/,161230091406
https://yandex.com/maps/org/pho_you/193414439258/,193414439258
https://yandex.com/maps/org/phobo/104799954042/,104799954042
https://yandex.com/maps/org/phobo/115660224729/,115660224729
https://yandex.com/maps/org/phobo/134446416438/,134446416438
https://yandex.com/maps/org/phobo/136902452773/,136902452773
https://yandex.com/maps/org/phobo/13762180463/,13762180463
https://yandex.com/maps/org/phobo/138368949658/,138368949658
https://yandex.com/maps/org/phobo/145518742270/,145518742270
https://yandex.com/maps/org/phobo/153510227806/,153510227806
https://yandex.com/maps/org/phobo/16154602385/,16154602385
https://yandex.com/maps/org/phobo/161933935283/,161933935283
https://yandex.com/maps/org/phobo/175421288806/,175421288806
https://yandex.com/maps/org/phobo/21054512911/,21054512911
https://yandex.com/maps/org/phobo/23417009115/,23417009115
https://yandex.com/maps/org/phobo/240801274634/,240801274634
https://yandex.com/maps/org/phobo/244027541197/,244027541197
https://yandex.com/maps/org/phobo/49681429184/,49681429184
https://yandex.com/maps/org/phobo/52740997569/,52740997569
https://yandex.com/maps/org/phobo/7597391372/,7597391372
https://yandex.com/maps/org/phobo/80880368339/,80880368339
https://yandex.com/maps/org/phobo/81149729020/,81149729020
https://yandex.com/maps/org/phobo/92956984013/,92956984013
https://yandex.com/maps/org/phobo/98799628882/,98799628882
https://yandex.com/maps/org/phobo/99042332416/,99042332416
https://yandex.com/maps/org/phobo_tom_yam/78366534431/,78366534431
https://yandex.com/maps/org/phongon/26628144282/,26628144282
https://yandex.com/maps/org/phyong_dong/219899102983/,219899102983
https://yandex.com/maps/org/pizzeria_3_14/203627183412/,203627183412
https://yandex.com/maps/org/pizzeriya_3_14/150289882844/,150289882844
https://yandex.com/maps/org/pod_muhoy/1105300243/,1105300243
https://yandex.com/maps/org/pyan_se/4057878144/,4057878144
https://yandex.com/maps/org/ramen_club/118725575140/,118725575140
https://yandex.com/maps/org/ramen_club/1790528139/,1790528139
https://yandex.com/maps/org/restoran_too_much/154746790116/,154746790116
https://yandex.com/maps/org/rice_and_peamz_by_clan_phi/75821702972/,75821702972
https://yandex.com/maps/org/rice_stisks/62697484840/,62697484840
https://yandex.com/maps/org/rogozhskiy_market/1060140120/,1060140120
https://yandex.com/maps/org/rombaba/25781690082/,25781690082
https://yandex.com/maps/org/ryba_fabrika_bo/62004764086/,62004764086
https://yandex.com/maps/org/s_ng_lam/118806132323/,118806132323
https://yandex.com/maps/org/saigon/152513315668/,152513315668
https://yandex.com/maps/org/sakura_place/157455674514/,157455674514
https://yandex.com/maps/org/seli_i_poeli/189188065591/,189188065591
https://yandex.com/maps/org/shan_shan/242604217165/,242604217165
https://yandex.com/maps/org/shanshan/63860547988/,63860547988
https://yandex.com/maps/org/shikary/1680973784/,1680973784
https://yandex.com/maps/org/siam_bangkok/31465652924/,31465652924
https://yandex.com/maps/org/street_food_maniac/17492972070/,17492972070
https://yandex.com/maps/org/sunrice/39342004694/,39342004694
https://yandex.com/maps/org/sup_tom_yam/32140134227/,32140134227
https://yandex.com/maps/org/suposhnaya/24774170567/,24774170567
https://yandex.com/maps/org/sushi_bar_banzai/74010517646/,74010517646
https://yandex.com/maps/org/sushi_profi/8951908895/,8951908895
https://yandex.com/maps/org/tanuki/163714591123/,163714591123
https://yandex.com/maps/org/tanuki/211227463220/,211227463220
https://yandex.com/maps/org/tayskaya_i_vyetnamskaya_kukhnya/14865872057/,14865872057
https://yandex.com/maps/org/thai_little/68629707420/,68629707420
https://yandex.com/maps/org/thanh/23674292652/,23674292652
https://yandex.com/maps/org/thin_68/196047305090/,196047305090
https://yandex.com/maps/org/ti_oi/69993668883/,69993668883
https://yandex.com/maps/org/tom/43059568351/,43059568351
https://yandex.com/maps/org/tom_i_yum/46115564300/,46115564300
https://yandex.com/maps/org/tom_vyetnamskaya_kukhnya/116960415314/,116960415314
https://yandex.com/maps/org/tom_yam/155037973873/,155037973873
https://yandex.com/maps/org/tropic_lounge_/236643583334/,236643583334
https://yandex.com/maps/org/tu_ton/13318855669/,13318855669
https://yandex.com/maps/org/tuk_tuk/18843262824/,18843262824
https://yandex.com/maps/org/tuk_tuk/226274967050/,226274967050
https://yandex.com/maps/org/tuk_tuk/69137313805/,69137313805
https://yandex.com/maps/org/tuton_vyetnamskaya_i_tayskaya_kukhnya/225854649061/,225854649061
https://yandex.com/maps/org/untitled/186803192418/,186803192418
https://yandex.com/maps/org/viet_express/88238386113/,88238386113
https://yandex.com/maps/org/viet_flavor/71230873709/,71230873709
https://yandex.com/maps/org/viet_ngon/105309161748/,105309161748
https://yandex.com/maps/org/vietcafe/1085502016/,1085502016
https://yandex.com/maps/org/vietfood/148324325722/,148324325722
https://yandex.com/maps/org/vietfood/222478093134/,222478093134
https://yandex.com/maps/org/vietnamese_cafe/149239313802/,149239313802
https://yandex.com/maps/org/vietnamese_food/169138724536/,169138724536
https://yandex.com/maps/org/vietnamese_food_fobo/103792395215/,103792395215
https://yandex.com/maps/org/vietnamese_food_foboyu/136907753052/,136907753052
https://yandex.com/maps/org/vietnamiko/157160292807/,157160292807
https://yandex.com/maps/org/vietnamskaya_kukhnya/144094565421/,144094565421
https://yandex.com/maps/org/vina_pho/104686887004/,104686887004
https://yandex.com/maps/org/vina_pho/161042781247/,161042781247
https://yandex.com/maps/org/vina_pho/70242596325/,70242596325
https://yandex.com/maps/org/vina_pho/80413576064/,80413576064
https://yandex.com/maps/org/vkusvill/113593309914/,113593309914
https://yandex.com/maps/org/vkusvill/127664638889/,127664638889
https://yandex.com/maps/org/vkusvill/155204051029/,155204051029
https://yandex.com/maps/org/vkusvill/217530095492/,217530095492
https://yandex.com/maps/org/vkusvill/224253419983/,224253419983
https://yandex.com/maps/org/vkusvill/231197409788/,231197409788
https://yandex.com/maps/org/vkusvill/36675927717/,36675927717
https://yandex.com/maps/org/vkusvill/58531020745/,58531020745
https://yandex.com/maps/org/vkusvill/8989236288/,8989236288
https://yandex.com/maps/org/vkusvill/91789873425/,91789873425
https://yandex.com/maps/org/vkusvill/96559324859/,96559324859
https://yandex.com/maps/org/vkusvill_kafe/222834948187/,222834948187
https://yandex.com/maps/org/vkusvill_kafe_bystrogo_obsluzhivaniya/40484219517/,40484219517
https://yandex.com/maps/org/vua_pho/235306125368/,235306125368
https://yandex.com/maps/org/vyet_bak_vyetnamskaya_kukhnya/184061972095/,184061972095
https://yandex.com/maps/org/vyet_lotos/184108351201/,184108351201
https://yandex.com/maps/org/vyetnamka/79501622507/,79501622507
https://yandex.com/maps/org/vyetnamskaya_kukhnya/6377310995/,6377310995
https://yandex.com/maps/org/vyetnamskaya_kukhnya_emmanuel_fo_bo/85035368731/,85035368731
https://yandex.com/maps/org/white_crane_house/1592455867/,1592455867
https://yandex.com/maps/org/wok_box/154988176916/,154988176916
https://yandex.com/maps/org/wok_box/186159502277/,186159502277
https://yandex.com/maps/org/wooden_door/10875350465/,10875350465
https://yandex.com/maps/org/yakitoriya/1019489428/,1019489428
https://yandex.com/maps/org/yakitoriya/1037516838/,1037516838
https://yandex.com/maps/org/yakitoriya/1128463847/,1128463847
https://yandex.com/maps/org/yakitoriya/1135230493/,1135230493
https://yandex.com/maps/org/yakitoriya/1730583955/,1730583955
https://yandex.com/maps/org/yakitoriya/222054545307/,222054545307
https://yandex.com/maps/org/yakitoriya/224323656861/,224323656861
https://yandex.com/maps/org/yakitoriya/243266770463/,243266770463
https://yandex.com/maps/org/yakitoriya/59088076708/,59088076708
https://yandex.com/maps/org/yorik_ubil_hamleta/234877851601/,234877851601
https://yandex.com/maps/org/yum_thai_kitchen/37974748305/,37974748305
https://yandex.com/maps/org/zon_zon/191946558235/,191946558235
https://yandex.ru/maps/org/0_75_please_moscow/146063883491/,146063883491
https://yandex.ru/maps/org/16_tonn/1090688593/,1090688593
https://yandex.ru/maps/org/29_park_lane/39554607781/,39554607781
https://yandex.ru/maps/org/a_pho/153276449363/,153276449363
https://yandex.ru/maps/org/aaark_cafe/187180413058/,187180413058
https://yandex.ru/maps/org/acha_chacha/1145048054/,1145048054
https://yandex.ru/maps/org/adam/61786401208/,61786401208
https://yandex.ru/maps/org/aerofob_ya/211842615446/,211842615446
https://yandex.ru/maps/org/allegro/203102195995/,203102195995
https://yandex.ru/maps/org/alma/173338242118/,173338242118
https://yandex.ru/maps/org/almamore/45945815180/,45945815180
https://yandex.ru/maps/org/alshami/137725125637/,137725125637
https://yandex.ru/maps/org/altargana/158734235425/,158734235425
https://yandex.ru/maps/org/anna/188972835344/,188972835344
https://yandex.ru/maps/org/anna_bistro/206746299036/,206746299036
https://yandex.ru/maps/org/ararat/116382226297/,116382226297
https://yandex.ru/maps/org/arild/114290061722/,114290061722
https://yandex.ru/maps/org/arium_by_brosko/49447767102/,49447767102
https://yandex.ru/maps/org/aroma/235897515946/,235897515946
https://yandex.ru/maps/org/asador/116526698857/,116526698857
https://yandex.ru/maps/org/atlantica_bistro/35227852283/,35227852283
https://yandex.ru/maps/org/atlas_terrace/178463550554/,178463550554
https://yandex.ru/maps/org/authentic_lovers/217014078825/,217014078825
https://yandex.ru/maps/org/ava/42192706478/,42192706478
https://yandex.ru/maps/org/avero_mio/171164381216/,171164381216
https://yandex.ru/maps/org/avgust_13/54557296996/,54557296996
https://yandex.ru/maps/org/avrora/96657563283/,96657563283
https://yandex.ru/maps/org/ays_kafe/131327869017/,131327869017
https://yandex.ru/maps/org/bakinskaya_zhemchuzhina/1021001989/,1021001989
https://yandex.ru/maps/org/bao_mochi_kh_pa_pa_power/135355929611/,135355929611
https://yandex.ru/maps/org/barbaresco_wine_music/197381198032/,197381198032
https://yandex.ru/maps/org/barbekyu/1172275362/,1172275362
https://yandex.ru/maps/org/barbekyu/119398385125/,119398385125
https://yandex.ru/maps/org/bazilik/1073150822/,1073150822
https://yandex.ru/maps/org/bebe_de_la_mer/203614270812/,203614270812
https://yandex.ru/maps/org/bega/1220420764/,1220420764
https://yandex.ru/maps/org/bfl_s/187267199510/,187267199510
https://yandex.ru/maps/org/bibliiteka/213534708757/,213534708757
https://yandex.ru/maps/org/bijou/130868248749/,130868248749
https://yandex.ru/maps/org/billie/217701042835/,217701042835
https://yandex.ru/maps/org/bitvin/124494597415/,124494597415
https://yandex.ru/maps/org/blush/99482138893/,99482138893
https://yandex.ru/maps/org/bobbi_dezzler/1104077191/,1104077191
https://yandex.ru/maps/org/bobbi_kyu/111397150761/,111397150761
https://yandex.ru/maps/org/bocconcino/161621317977/,161621317977
https://yandex.ru/maps/org/bodega/112338501888/,112338501888
https://yandex.ru/maps/org/bogema/112603607892/,112603607892
https://yandex.ru/maps/org/bosco_cafe/1190550401/,1190550401
https://yandex.ru/maps/org/brasil_amaz_nia/161352112345/,161352112345
https://yandex.ru/maps/org/brasserie_lambic/191566864587/,191566864587
https://yandex.ru/maps/org/brasserie_lambic/99615608945/,99615608945
https://yandex.ru/maps/org/brodo/141273601239/,141273601239
https://yandex.ru/maps/org/brooms/103522723300/,103522723300
https://yandex.ru/maps/org/bruce_lee/139108928332/,139108928332
https://yandex.ru/maps/org/brunchy_brunch/31346739533/,31346739533
https://yandex.ru/maps/org/brunnen/147024078482/,147024078482
https://yandex.ru/maps/org/bruno/50206086671/,50206086671
https://yandex.ru/maps/org/bshushu/98928284547/,98928284547
https://yandex.ru/maps/org/bukhara/1172914620/,1172914620
https://yandex.ru/maps/org/burger_king/161508591165/,161508591165
https://yandex.ru/maps/org/burgers_and_crabs/178389406227/,178389406227
https://yandex.ru/maps/org/cale/116976460798/,116976460798
https://yandex.ru/maps/org/chang/16970850930/,16970850930
https://yandex.ru/maps/org/chaykhana_24/233739869680/,233739869680
https://yandex.ru/maps/org/chaykhana_chayhouse/107018044082/,107018044082
https://yandex.ru/maps/org/chaykhana_dolina/154766066455/,154766066455
https://yandex.ru/maps/org/chaykhana_fergana/86739403817/,86739403817
https://yandex.ru/maps/org/chaykhana_isfara/1791546889/,1791546889
https://yandex.ru/maps/org/chaykhana_rokhat/202800630423/,202800630423
https://yandex.ru/maps/org/chaykhona_khalyal/181376776320/,181376776320
https://yandex.ru/maps/org/chaykovskiy/1020204970/,1020204970
https://yandex.ru/maps/org/cheesemania/203918267602/,203918267602
https://yandex.ru/maps/org/chekhoff_cafe_bar/166594019125/,166594019125
https://yandex.ru/maps/org/chelsi/1219161144/,1219161144
https://yandex.ru/maps/org/cheretto/1243478327/,1243478327
https://yandex.ru/maps/org/chicken_mania/170615266140/,170615266140
https://yandex.ru/maps/org/chikho/111603852364/,111603852364
https://yandex.ru/maps/org/chikho/12722228227/,12722228227
https://yandex.ru/maps/org/chikho/129353119051/,129353119051
https://yandex.ru/maps/org/chikho/226204267269/,226204267269
https://yandex.ru/maps/org/chikho/233579954997/,233579954997
https://yandex.ru/maps/org/chikho/83042464290/,83042464290
https://yandex.ru/maps/org/choson/42396776887/,42396776887
https://yandex.ru/maps/org/chzhun_go/114908951575/,114908951575
https://yandex.ru/maps/org/claudia/3513668670/,3513668670
https://yandex.ru/maps/org/coba/156185343307/,156185343307
https://yandex.ru/maps/org/cote_azur/1088634137/,1088634137
https://yandex.ru/maps/org/crabs/47987624656/,47987624656
https://yandex.ru/maps/org/curry/123105148359/,123105148359
https://yandex.ru/maps/org/d_kafe/28820346056/,28820346056
https://yandex.ru/maps/org/da_giorgio/99858567979/,99858567979
https://yandex.ru/maps/org/dacha/138920897269/,138920897269
https://yandex.ru/maps/org/dagestanskaya_lavka/10526561766/,10526561766
https://yandex.ru/maps/org/dalniy_vostok/209513409973/,209513409973
https://yandex.ru/maps/org/davayte_karbonaru/33495326234/,33495326234
https://yandex.ru/maps/org/de_torino/23809852969/,23809852969
https://yandex.ru/maps/org/delicatessen/1055916386/,1055916386
https://yandex.ru/maps/org/delimarshe/244042602610/,244042602610
https://yandex.ru/maps/org/dizengof_99/23883498979/,23883498979
https://yandex.ru/maps/org/dom_rossiyskoy_kukhni/47614370631/,47614370631
https://yandex.ru/maps/org/dom_russkogo_bilyarda_moskva/89680221983/,89680221983
https://yandex.ru/maps/org/domik_v_sadu/190170819733/,190170819733
https://yandex.ru/maps/org/doner_efendi/15893804938/,15893804938
https://yandex.ru/maps/org/door_2310/27834205423/,27834205423
https://yandex.ru/maps/org/dubai/54068660441/,54068660441
https://yandex.ru/maps/org/dunka/13350056854/,13350056854
https://yandex.ru/maps/org/dymzavod/107243679435/,107243679435
https://yandex.ru/maps/org/dzhanni_khinkali/75434682154/,75434682154
https://yandex.ru/maps/org/dzho_ne_delitsya_yedoy/52043882280/,52043882280
https://yandex.ru/maps/org/dzhondzholi/1354809424/,1354809424
https://yandex.ru/maps/org/dzhondzholi/135923639080/,135923639080
https://yandex.ru/maps/org/dzhondzholi/210619749474/,210619749474
https://yandex.ru/maps/org/el_idilio/199095650935/,199095650935
https://yandex.ru/maps/org/elime/171357516966/,171357516966
https://yandex.ru/maps/org/everest_continental/108133626637/,108133626637
https://yandex.ru/maps/org/fantszeyuan/240037422659/,240037422659
https://yandex.ru/maps/org/farsh/239646898271/,239646898271
https://yandex.ru/maps/org/fleur/1305261739/,1305261739
https://yandex.ru/maps/org/fomaniya/137905496798/,137905496798
https://yandex.ru/maps/org/fontana_rimskiy_stritfud/122910289283/,122910289283
https://yandex.ru/maps/org/found/224397346841/,224397346841
https://yandex.ru/maps/org/friends_forever_botanica/115273153909/,115273153909
https://yandex.ru/maps/org/from_berlin/24172390594/,24172390594
https://yandex.ru/maps/org/galaktika_2_0/1225699100/,1225699100
https://yandex.ru/maps/org/galki/115736401897/,115736401897
https://yandex.ru/maps/org/garazhane/140944674898/,140944674898
https://yandex.ru/maps/org/garden_kitchen/163122749051/,163122749051
https://yandex.ru/maps/org/gastrobar_komfo/134838125068/,134838125068
https://yandex.ru/maps/org/gem/93998016978/,93998016978
https://yandex.ru/maps/org/georgiyevskoye_podvorye/51490306147/,51490306147
https://yandex.ru/maps/org/glamurnaya_chifanka/43878923524/,43878923524
https://yandex.ru/maps/org/gnezdo_glukharya/1022225421/,1022225421
https://yandex.ru/maps/org/gogen/32764001038/,32764001038
https://yandex.ru/maps/org/gornitsa/145482234709/,145482234709
https://yandex.ru/maps/org/grace_bistro/37374242677/,37374242677
https://yandex.ru/maps/org/grande_bibliotheca/173536342481/,173536342481
https://yandex.ru/maps/org/gratzi/1021173319/,1021173319
https://yandex.ru/maps/org/gril_khaus/3913209549/,3913209549
https://yandex.ru/maps/org/gril_khaus/87044234738/,87044234738
https://yandex.ru/maps/org/grill_n_chill/201847964370/,201847964370
https://yandex.ru/maps/org/gruzinskiye_vechera/86742954452/,86742954452
https://yandex.ru/maps/org/gud_chayna/7789561800/,7789561800
https://yandex.ru/maps/org/gud_sushi/116565764623/,116565764623
https://yandex.ru/maps/org/happy_man/81106592701/,81106592701
https://yandex.ru/maps/org/harat_s_pub/79866956358/,79866956358
https://yandex.ru/maps/org/heat/179041837910/,179041837910
https://yandex.ru/maps/org/hello_kitty_and_friends/211009601510/,211009601510
https://yandex.ru/maps/org/igni/66363143049/,66363143049
https://yandex.ru/maps/org/il_matto/187052444368/,187052444368
https://yandex.ru/maps/org/indiyskiy_restoran_veda/114642805128/,114642805128
https://yandex.ru/maps/org/indokitay/198998888882/,198998888882
https://yandex.ru/maps/org/invasion_universe/4331594470/,4331594470
https://yandex.ru/maps/org/irishman_pub/186296115823/,186296115823
https://yandex.ru/maps/org/is_ku/244871188560/,244871188560
https://yandex.ru/maps/org/j_pan/145771690458/,145771690458
https://yandex.ru/maps/org/j_pan/167507019560/,167507019560
https://yandex.ru/maps/org/j_pan/79001278702/,79001278702
https://yandex.ru/maps/org/jacky_jacky/160823978385/,160823978385
https://yandex.ru/maps/org/jacky_jacky/202562769607/,202562769607
https://yandex.ru/maps/org/jojobar/117512593463/,117512593463
https://yandex.ru/maps/org/kafe/1733793919/,1733793919
https://yandex.ru/maps/org/kafe_kafe/77079987036/,77079987036
https://yandex.ru/maps/org/kafe_vostok/160314130929/,160314130929
https://yandex.ru/maps/org/kale_bistro_bar/168382213203/,168382213203
https://yandex.ru/maps/org/kalimera_grecheskaya_kukhnya/119165134048/,119165134048
https://yandex.ru/maps/org/kamila/169655397488/,169655397488
https://yandex.ru/maps/org/karamzin/244000004318/,244000004318
https://yandex.ru/maps/org/kepi/238158064462/,238158064462
https://yandex.ru/maps/org/khleb_i_vino/1317418469/,1317418469
https://yandex.ru/maps/org/khmel_end_el/1265003006/,1265003006
https://yandex.ru/maps/org/khoroshiye_lyudi/32763811329/,32763811329
https://yandex.ru/maps/org/kiberdom/210445074471/,210445074471
https://yandex.ru/maps/org/kitayskiy_samovar_ipinlao/107646331891/,107646331891
https://yandex.ru/maps/org/kochevniki/134327790297/,134327790297
https://yandex.ru/maps/org/kofemaniya/1240750888/,1240750888
https://yandex.ru/maps/org/kofemaniya/54176079315/,54176079315
https://yandex.ru/maps/org/kofemaniya/62472764377/,62472764377
https://yandex.ru/maps/org/kofemaniya/73101325408/,73101325408
https://yandex.ru/maps/org/kofemaniya_chef_s/37595313461/,37595313461
https://yandex.ru/maps/org/kofeynoye_derevo/32296030962/,32296030962
https://yandex.ru/maps/org/kook/50797892380/,50797892380
https://yandex.ru/maps/org/kosyak_sendai/173436941306/,173436941306
https://yandex.ru/maps/org/kotelnaya/184162874272/,184162874272
https://yandex.ru/maps/org/kotleta/82193177674/,82193177674
https://yandex.ru/maps/org/kozlovna/150554327935/,150554327935
https://yandex.ru/maps/org/kristmas/202446878695/,202446878695
https://yandex.ru/maps/org/krivokolenny_9s3/180293143390/,180293143390
https://yandex.ru/maps/org/ku_ramen_izakaya_bar/25167504793/,25167504793
https://yandex.ru/maps/org/ku_ramen_izakaya_bar/5836138224/,5836138224
https://yandex.ru/maps/org/kul_k/217938814237/,217938814237
https://yandex.ru/maps/org/kveli_suneli/177320884139/,177320884139
https://yandex.ru/maps/org/lac_bistrot/26310250179/,26310250179
https://yandex.ru/maps/org/laliko/213048206164/,213048206164
https://yandex.ru/maps/org/lamadzho_pitstsa/197432526502/,197432526502
https://yandex.ru/maps/org/lan_ma/63719081295/,63719081295
https://yandex.ru/maps/org/landrin/1191171412/,1191171412
https://yandex.ru/maps/org/lapshichka_ot_sergeya_orlova/167101672311/,167101672311
https://yandex.ru/maps/org/lastochka/1009286204/,1009286204
https://yandex.ru/maps/org/le_petit_paris/213411762002/,213411762002
https://yandex.ru/maps/org/leningrad/61033862181/,61033862181
https://yandex.ru/maps/org/lenskiy/1167576413/,1167576413
https://yandex.ru/maps/org/leo/205448784424/,205448784424
https://yandex.ru/maps/org/leon/55276496662/,55276496662
https://yandex.ru/maps/org/letnyaya_veranda/89720649690/,89720649690
https://yandex.ru/maps/org/lima/76602282002/,76602282002
https://yandex.ru/maps/org/littles/142026249978/,142026249978
https://yandex.ru/maps/org/lomi_bistro/193925584837/,193925584837
https://yandex.ru/maps/org/lotos/70925464327/,70925464327
https://yandex.ru/maps/org/luka/150023141977/,150023141977
https://yandex.ru/maps/org/lunny/1090103190/,1090103190
https://yandex.ru/maps/org/lyusyen_olivye/147695534370/,147695534370
https://yandex.ru/maps/org/m2_organik_klub/115471429616/,115471429616
https://yandex.ru/maps/org/m2_organik_klub/65566030732/,65566030732
https://yandex.ru/maps/org/m_s/206638490651/,206638490651
https://yandex.ru/maps/org/m_tes_bistro/90642907462/,90642907462
https://yandex.ru/maps/org/m_tes_pizza/28121473860/,28121473860
https://yandex.ru/maps/org/mac_factory/141313765362/,141313765362
https://yandex.ru/maps/org/mady/67618580653/,67618580653
https://yandex.ru/maps/org/magnum/82496938105/,82496938105
https://yandex.ru/maps/org/mali_beograd/51762445273/,51762445273
https://yandex.ru/maps/org/mama_juana/26315661488/,26315661488
https://yandex.ru/maps/org/mangal/96847153485/,96847153485
https://yandex.ru/maps/org/marcelo_miracles_shop_bar/224367011897/,224367011897
https://yandex.ru/maps/org/margarita_lyubit_kyanti/92977094576/,92977094576
https://yandex.ru/maps/org/marie_laveau/128170712883/,128170712883
https://yandex.ru/maps/org/maro/217078864420/,217078864420
https://yandex.ru/maps/org/may/146993603342/,146993603342
https://yandex.ru/maps/org/mazaltov/158212182472/,158212182472
https://yandex.ru/maps/org/meat_more/1219563397/,1219563397
https://yandex.ru/maps/org/megreli/96876781689/,96876781689
https://yandex.ru/maps/org/meksika/65000667123/,65000667123
https://yandex.ru/maps/org/midiynoye_mesto/40097305832/,40097305832
https://yandex.ru/maps/org/midiynoye_mesto/84065883436/,84065883436
https://yandex.ru/maps/org/midsummer/243881280408/,243881280408
https://yandex.ru/maps/org/mikser/15265440614/,15265440614
https://yandex.ru/maps/org/mimino/81070202434/,81070202434
https://yandex.ru/maps/org/mio_kitchen_bar/152884997710/,152884997710
https://yandex.ru/maps/org/miss_you/204967877609/,204967877609
https://yandex.ru/maps/org/mit_kryu/146942630283/,146942630283
https://yandex.ru/maps/org/mo_friends/77674788829/,77674788829
https://yandex.ru/maps/org/moderniste_bistro/61960930463/,61960930463
https://yandex.ru/maps/org/modnaya_sreda_1823/74379792168/,74379792168
https://yandex.ru/maps/org/mollusca/94490549109/,94490549109
https://yandex.ru/maps/org/moloko_i_med/95026335810/,95026335810
https://yandex.ru/maps/org/morskoy_ostrov_by_kizin/244292124970/,244292124970
https://yandex.ru/maps/org/mr_help_friends/1199541628/,1199541628
https://yandex.ru/maps/org/mur/69880626564/,69880626564
https://yandex.ru/maps/org/murph/22042441919/,22042441919
https://yandex.ru/maps/org/myst/186096931389/,186096931389
https://yandex.ru/maps/org/ne_ryumochnaya_dovlatov/38477588190/,38477588190
https://yandex.ru/maps/org/nebesny_tikhokhod/1397902995/,1397902995
https://yandex.ru/maps/org/neo/69520418735/,69520418735
https://yandex.ru/maps/org/neobyknovenny/19948407431/,19948407431
https://yandex.ru/maps/org/nobo/128647939173/,128647939173
https://yandex.ru/maps/org/novy_sychuan/206072522949/,206072522949
https://yandex.ru/maps/org/oblako/174300652403/,174300652403
https://yandex.ru/maps/org/odeon/101890016605/,101890016605
https://yandex.ru/maps/org/ofis/139203004852/,139203004852
https://yandex.ru/maps/org/ogorod/187096648403/,187096648403
https://yandex.ru/maps/org/okno/200417119111/,200417119111
https://yandex.ru/maps/org/orda/95698283993/,95698283993
https://yandex.ru/maps/org/oshi_izakaya/165742070235/,165742070235
https://yandex.ru/maps/org/oshi_izakaya_emperor/217206344666/,217206344666
https://yandex.ru/maps/org/osso/5614021169/,5614021169
https://yandex.ru/maps/org/osteria_mario/24695917144/,24695917144
https://yandex.ru/maps/org/pafos/209400211206/,209400211206
https://yandex.ru/maps/org/panaziatskoye_bistro_eyva/148006182753/,148006182753
https://yandex.ru/maps/org/pekarnya_doner_bistro/96268176018/,96268176018
https://yandex.ru/maps/org/pelmennaya/177564894947/,177564894947
https://yandex.ru/maps/org/perepel/82301089482/,82301089482
https://yandex.ru/maps/org/pervaya_lapshichnaya/219977794120/,219977794120
https://yandex.ru/maps/org/pervy_nos/128122335664/,128122335664
https://yandex.ru/maps/org/petrov_i_vasechka/123387734060/,123387734060
https://yandex.ru/maps/org/petter/170835840098/,170835840098
https://yandex.ru/maps/org/pinzeria_by_bontempi/137279105710/,137279105710
https://yandex.ru/maps/org/piri_piri/19064247091/,19064247091
https://yandex.ru/maps/org/pitstsa_i_pirogi_papan/59189979023/,59189979023
https://yandex.ru/maps/org/planeta_sushi/1301947847/,1301947847
https://yandex.ru/maps/org/planeta_sushi/137577654313/,137577654313
https://yandex.ru/maps/org/planeta_sushi/57830399941/,57830399941
https://yandex.ru/maps/org/plov_tsentr/76929955574/,76929955574
https://yandex.ru/maps/org/pod_solntsem_toskany/137195021173/,137195021173
https://yandex.ru/maps/org/pods/105437668763/,105437668763
https://yandex.ru/maps/org/poke_house/220117223580/,220117223580
https://yandex.ru/maps/org/polyana/64509293075/,64509293075
https://yandex.ru/maps/org/pono_place/103107070394/,103107070394
https://yandex.ru/maps/org/porosello/180956126103/,180956126103
https://yandex.ru/maps/org/poshablim_/142680529000/,142680529000
https://yandex.ru/maps/org/pozitano/34708569658/,34708569658
https://yandex.ru/maps/org/praktika_by_ast/232751713116/,232751713116
https://yandex.ru/maps/org/prime/109880735520/,109880735520
https://yandex.ru/maps/org/prime/159136236037/,159136236037
https://yandex.ru/maps/org/prime/90242662993/,90242662993
https://yandex.ru/maps/org/pro_khinkali/208010474105/,208010474105
https://yandex.ru/maps/org/pro_vostok/24024671801/,24024671801
https://yandex.ru/maps/org/profsoyuz/133933857803/,133933857803
https://yandex.ru/maps/org/proshutteriya/198026019474/,198026019474
https://yandex.ru/maps/org/publo_escobar/235224439957/,235224439957
https://yandex.ru/maps/org/pusan/23147891434/,23147891434
https://yandex.ru/maps/org/pushkaryov/181342272336/,181342272336
https://yandex.ru/maps/org/quercus/120210548656/,120210548656
https://yandex.ru/maps/org/ra_men/216318179518/,216318179518
https://yandex.ru/maps/org/rakhat/105132968041/,105132968041
https://yandex.ru/maps/org/rakovaya_na_mayakovke/157615614618/,157615614618
https://yandex.ru/maps/org/ramen_po_lan_chzhouski/53060777131/,53060777131
https://yandex.ru/maps/org/ramen_ten/123259143390/,123259143390
https://yandex.ru/maps/org/ramen_wok_by_gaijin/233319114099/,233319114099
https://yandex.ru/maps/org/raskol/164770903029/,164770903029
https://yandex.ru/maps/org/rassvet/77800720162/,77800720162
https://yandex.ru/maps/org/raykhana/115198027968/,115198027968
https://yandex.ru/maps/org/razgon/48269572345/,48269572345
https://yandex.ru/maps/org/rebryshki_i_krylyshki/212511795574/,212511795574
https://yandex.ru/maps/org/red_white/231032956459/,231032956459
https://yandex.ru/maps/org/regul/109736578809/,109736578809
https://yandex.ru/maps/org/restoran/14277981663/,14277981663
https://yandex.ru/maps/org/restoran/198994176853/,198994176853
https://yandex.ru/maps/org/restoran/244474578296/,244474578296
https://yandex.ru/maps/org/restoran_1147/132064734814/,132064734814
https://yandex.ru/maps/org/restoran_autentichnoy_kitayskoy_kukhni_mir/76761826014/,76761826014
https://yandex.ru/maps/org/restoran_banket_dvor/1788078100/,1788078100
https://yandex.ru/maps/org/rib_s_48/60135276413/,60135276413
https://yandex.ru/maps/org/rioni/45115895536/,45115895536
https://yandex.ru/maps/org/risling_boyz/66557493473/,66557493473
https://yandex.ru/maps/org/roaster_coffee/196258683071/,196258683071
https://yandex.ru/maps/org/rokhat/57657450860/,57657450860
https://yandex.ru/maps/org/rossa/203868247976/,203868247976
https://yandex.ru/maps/org/ruftop/54231450298/,54231450298
https://yandex.ru/maps/org/rusalochka_sushi/168873467823/,168873467823
https://yandex.ru/maps/org/ryba_family/82122796831/,82122796831
https://yandex.ru/maps/org/ryumochnaya_9/60654749166/,60654749166
https://yandex.ru/maps/org/sadovoye_koltso/151994549317/,151994549317
https://yandex.ru/maps/org/sadovy_prud/124838787093/,124838787093
https://yandex.ru/maps/org/sage/217923947701/,217923947701
https://yandex.ru/maps/org/salyut/96503031608/,96503031608
https://yandex.ru/maps/org/sama_nevinnost/16288172680/,16288172680
https://yandex.ru/maps/org/samobranka/1127705456/,1127705456
https://yandex.ru/maps/org/sanduny/77697859644/,77697859644
https://yandex.ru/maps/org/sangre_fresca/135403898158/,135403898158
https://yandex.ru/maps/org/santo_dzhovanni/224370440462/,224370440462
https://yandex.ru/maps/org/segreto_bar/188191181494/,188191181494
https://yandex.ru/maps/org/selenge/194150124995/,194150124995
https://yandex.ru/maps/org/self_edge_japanese/101762662872/,101762662872
https://yandex.ru/maps/org/selfish/200182199816/,200182199816
https://yandex.ru/maps/org/sezam/77606124119/,77606124119
https://yandex.ru/maps/org/shaurma_giros/121409776575/,121409776575
https://yandex.ru/maps/org/shef_burger_doner/69828150967/,69828150967
https://yandex.ru/maps/org/shef_shashlyk/7715709054/,7715709054
https://yandex.ru/maps/org/shevol_de_rustik/130051679338/,130051679338
https://yandex.ru/maps/org/shibainu_fusion_cafe/153620140001/,153620140001
https://yandex.ru/maps/org/short_talk/80065192585/,80065192585
https://yandex.ru/maps/org/shvartskayzer/94645793032/,94645793032
https://yandex.ru/maps/org/siam/68790772817/,68790772817
https://yandex.ru/maps/org/sitsiliya/90426630141/,90426630141
https://yandex.ru/maps/org/slivka/113906969699/,113906969699
https://yandex.ru/maps/org/smoke_is/224290958595/,224290958595
https://yandex.ru/maps/org/sobaki_v_tumane/32206240171/,32206240171
https://yandex.ru/maps/org/son_mendeleyeva/225005955786/,225005955786
https://yandex.ru/maps/org/sous_sol/184622254147/,184622254147
https://yandex.ru/maps/org/stand_up_patriki/96773877521/,96773877521
https://yandex.ru/maps/org/standup_store/137951387714/,137951387714
https://yandex.ru/maps/org/steyk_burger_miratorg/55153909827/,55153909827
https://yandex.ru/maps/org/studio_46/233553698874/,233553698874
https://yandex.ru/maps/org/subzero/55829012209/,55829012209
https://yandex.ru/maps/org/summer_punch/51944606814/,51944606814
https://yandex.ru/maps/org/svetly/189162268473/,189162268473
https://yandex.ru/maps/org/svidaniye_na_kryshe/222113279884/,222113279884
https://yandex.ru/maps/org/syto_pyano/87582733415/,87582733415
https://yandex.ru/maps/org/tajj_mahal/130478188302/,130478188302
https://yandex.ru/maps/org/takakhuli/148013721886/,148013721886
https://yandex.ru/maps/org/tanuki/1225701099/,1225701099
https://yandex.ru/maps/org/taverna_pod_vedmachyim_mechom/140453148334/,140453148334
https://yandex.ru/maps/org/taytsy/167014274232/,167014274232
https://yandex.ru/maps/org/tbiliso/18998699399/,18998699399
https://yandex.ru/maps/org/teburasi/80137249291/,80137249291
https://yandex.ru/maps/org/teremok/165108055008/,165108055008
https://yandex.ru/maps/org/teremok/49248040816/,49248040816
https://yandex.ru/maps/org/the_mob/94810197646/,94810197646
https://yandex.ru/maps/org/the_times_home/237370502800/,237370502800
https://yandex.ru/maps/org/the_truffle/107781219336/,107781219336
https://yandex.ru/maps/org/the_truffle/206654469628/,206654469628
https://yandex.ru/maps/org/tin_lun/34638550276/,34638550276
https://yandex.ru/maps/org/tokpokki/6832271405/,6832271405
https://yandex.ru/maps/org/top_shaurma/70236957055/,70236957055
https://yandex.ru/maps/org/toto/171625051671/,171625051671
https://yandex.ru/maps/org/trattoriya_motstsa/130696697949/,130696697949
https://yandex.ru/maps/org/trikki/176289624272/,176289624272
https://yandex.ru/maps/org/trompette/232608966551/,232608966551
https://yandex.ru/maps/org/tsar_kurnik/190616899152/,190616899152
https://yandex.ru/maps/org/tsum/67375111910/,67375111910
https://yandex.ru/maps/org/tsveteniye_sakury/1216819481/,1216819481
https://yandex.ru/maps/org/tsypochka/167974789190/,167974789190
https://yandex.ru/maps/org/uayt_khart/1311673128/,1311673128
https://yandex.ru/maps/org/unica/198020325457/,198020325457
https://yandex.ru/maps/org/valdo/12379700174/,12379700174
https://yandex.ru/maps/org/varenichnaya_1/166934613198/,166934613198
https://yandex.ru/maps/org/varenichnaya_1/167752325835/,167752325835
https://yandex.ru/maps/org/varenichnaya_1/224809917801/,224809917801
https://yandex.ru/maps/org/varvara/29771389639/,29771389639
https://yandex.ru/maps/org/veches/224544872438/,224544872438
https://yandex.ru/maps/org/vinaga/239512107352/,239512107352
https://yandex.ru/maps/org/vinograd_ne_vinovat/222477208843/,222477208843
https://yandex.ru/maps/org/vkareliiyest/148460389769/,148460389769
https://yandex.ru/maps/org/vkus_i_losos/115056849461/,115056849461
https://yandex.ru/maps/org/vse_len/82562847446/,82562847446
https://yandex.ru/maps/org/wei_dao/14788435236/,14788435236
https://yandex.ru/maps/org/why_not_sushi/213981484574/,213981484574
https://yandex.ru/maps/org/ya_cafe_1/177504564451/,177504564451
https://yandex.ru/maps/org/ya_lyublyu_sushi/127251233146/,127251233146
https://yandex.ru/maps/org/yakamoz/213509519428/,213509519428
https://yandex.ru/maps/org/yan_primus/94611642079/,94611642079
https://yandex.ru/maps/org/yaroslavskiy/232983893706/,232983893706
https://yandex.ru/maps/org/yeli_ne_bukhteli/98125613939/,98125613939
https://yandex.ru/maps/org/yolo_depo/207029647060/,207029647060
https://yandex.ru/maps/org/yozh_i_ustritsa/41278748423/,41278748423
https://yandex.ru/maps/org/yozh_ustritsa/240349601731/,240349601731
https://yandex.ru/maps/org/yuanyan_/121504930502/,121504930502
https://yandex.ru/maps/org/yunost/31597287139/,31597287139
https://yandex.ru/maps/org/zlachnoye_mesto/64748583728/,64748583728
https://yandex.ru/maps/org/zolotoy_drakon/54295177136/,54295177136
https://yandex.ru/maps/org/zori/83139286862/,83139286862
https://yandex.ru/maps/org/zov_vorona/56762381905/,56762381905
https://yandex.ru/maps/org/10_idealnykh_pitsts/75015184147/,75015184147
https://yandex.ru/maps/org/amazoniya/127725598836/,127725598836
https://yandex.ru/maps/org/banketnyye_zaly_v_razvlekatelnom_komplekse_kreml/1310880168/,1310880168
https://yandex.ru/maps/org/besh_barmak/215012259395/,215012259395
https://yandex.ru/maps/org/beta/1772367053/,1772367053
https://yandex.ru/maps/org/big_asia/113282222413/,113282222413
https://yandex.ru/maps/org/chao_pitstsa/95248475114/,95248475114
https://yandex.ru/maps/org/chaykhana_khalyal/198013966490/,198013966490
https://yandex.ru/maps/org/chaykhanchik/214130996542/,214130996542
https://yandex.ru/maps/org/chaykhona_1/234771783057/,234771783057
https://yandex.ru/maps/org/chayny_domik/58329430728/,58329430728
https://yandex.ru/maps/org/chef_doner_13/82319257049/,82319257049
https://yandex.ru/maps/org/choykhonai_ro_at/29055093131/,29055093131
https://yandex.ru/maps/org/cosmos_smart/95304008993/,95304008993
https://yandex.ru/maps/org/dyadka_kofe/61381425437/,61381425437
https://yandex.ru/maps/org/gruzinskaya_kukhnya/41822048612/,41822048612
https://yandex.ru/maps/org/gurman/1061608866/,1061608866
https://yandex.ru/maps/org/ippin_fusion_panasia/205723608905/,205723608905
https://yandex.ru/maps/org/kavkazskiy_dvorik/67642409123/,67642409123
https://yandex.ru/maps/org/kharchevnikov/78999612359/,78999612359
https://yandex.ru/maps/org/khinkalnaya_mimino/51516445748/,51516445748
https://yandex.ru/maps/org/khleb_da_kalach/113004583136/,113004583136
https://yandex.ru/maps/org/khochu_shaurmu/105112211362/,105112211362
https://yandex.ru/maps/org/khochu_v_lavash/135287353482/,135287353482
https://yandex.ru/maps/org/kon_yak/88842076543/,88842076543
https://yandex.ru/maps/org/kupor_resto_grupp/168529942744/,168529942744
https://yandex.ru/maps/org/lya_fantazi/1710904491/,1710904491
https://yandex.ru/maps/org/matryoshka/1033961472/,1033961472
https://yandex.ru/maps/org/mister_losos/186596584342/,186596584342
https://yandex.ru/maps/org/muna/23182183531/,23182183531
https://yandex.ru/maps/org/obukhov/1027096407/,1027096407
https://yandex.ru/maps/org/omar_ne_khayam/113144434195/,113144434195
https://yandex.ru/maps/org/osetinskiye_pirogi_lyuks/131697861524/,131697861524
https://yandex.ru/maps/org/osetinskiye_pirogi_ot_lyudmily/212019931043/,212019931043
https://yandex.ru/maps/org/pekarnya/37106283648/,37106283648
https://yandex.ru/maps/org/pekarnya_24_7/166089357429/,166089357429
https://yandex.ru/maps/org/pirogomaniya/121043414770/,121043414770
https://yandex.ru/maps/org/plov/129416998295/,129416998295
https://yandex.ru/maps/org/praktica_cafe/36535256586/,36535256586
https://yandex.ru/maps/org/pro_shashlyk/129643582339/,129643582339
https://yandex.ru/maps/org/repetitsionnaya_baza_peak_sound/224388526560/,224388526560
https://yandex.ru/maps/org/rolly_5/201205966983/,201205966983
https://yandex.ru/maps/org/semenov/1223403517/,1223403517
https://yandex.ru/maps/org/set_dostavka/74915031590/,74915031590
https://yandex.ru/maps/org/shashlychnaya/192862101352/,192862101352
https://yandex.ru/maps/org/shashlychny_dom/88216844882/,88216844882
https://yandex.ru/maps/org/shaurma_master_class/3206318063/,3206318063
https://yandex.ru/maps/org/shef_doner_13/189937717257/,189937717257
https://yandex.ru/maps/org/sodzhu/32050491884/,32050491884
https://yandex.ru/maps/org/stolovaya/166908326657/,166908326657
https://yandex.ru/maps/org/venskoye/1260072656/,1260072656
https://yandex.ru/maps/org/vey_vo/65922762640/,65922762640
https://yandex.ru/maps/org/vyet_lotos/123779033701/,123779033701
https://yandex.ru/maps/org/vyetnamskaya_kukhnya/84771906478/,84771906478
https://yandex.ru/maps/org/vyetnamskoye_kafe/99307678660/,99307678660
https://yandex.ru/maps/org/wei_wo_vey_vo_preobrazhenskaya/122829323065/,122829323065
https://yandex.ru/maps/org/yeda_tut/93881820564/,93881820564
https://yandex.ru/maps/org/youme/68417618106/,68417618106
https://yandex.ru/maps/org/zayeday/209386978071/,209386978071
https://yandex.ru/maps/org/zharim_mangalim/82962748449/,82962748449
https://yandex.ru/maps/org/baku/33251527738/,33251527738
https://yandex.ru/maps/org/banket_kholl_barev/118148542612/,118148542612
https://yandex.ru/maps/org/black_star_burger/34947009199/,34947009199
https://yandex.ru/maps/org/blin/136505606916/,136505606916
https://yandex.ru/maps/org/boyarskiy_ivent_kholl/110053301966/,110053301966
https://yandex.ru/maps/org/brandice/235217949691/,235217949691
https://yandex.ru/maps/org/bukhanka/167896309284/,167896309284
https://yandex.ru/maps/org/bukhanka/28440951499/,28440951499
https://yandex.ru/maps/org/chaykhana_aura/20073585592/,20073585592
https://yandex.ru/maps/org/chaykhana_khanordo/180245092267/,180245092267
https://yandex.ru/maps/org/chill_pill_kofe/97490758111/,97490758111
https://yandex.ru/maps/org/coffee_wake/118697337307/,118697337307
https://yandex.ru/maps/org/coffee_wake/193765759670/,193765759670
https://yandex.ru/maps/org/dachnoye_kuskovo/155918266745/,155918266745
https://yandex.ru/maps/org/desert/196157046993/,196157046993
https://yandex.ru/maps/org/dobryninskiy/61192476610/,61192476610
https://yandex.ru/maps/org/domino_pizza/38915280547/,38915280547
https://yandex.ru/maps/org/doner_khaus/109656936771/,109656936771
https://yandex.ru/maps/org/doner_taym/36366318792/,36366318792
https://yandex.ru/maps/org/es_catering/218939767238/,218939767238
https://yandex.ru/maps/org/fitnes_kafe_ot_x_fit/227960575069/,227960575069
https://yandex.ru/maps/org/food_low_cost_sushi/26142607632/,26142607632
https://yandex.ru/maps/org/foodmakers_family/201019047343/,201019047343
https://yandex.ru/maps/org/frayd/217058858925/,217058858925
https://yandex.ru/maps/org/fudziyama_asia_wok/87031060417/,87031060417
https://yandex.ru/maps/org/gagawa/212664380491/,212664380491
https://yandex.ru/maps/org/galereya_sushi/12854800400/,12854800400
https://yandex.ru/maps/org/good_food/4055845925/,4055845925
https://yandex.ru/maps/org/grill_kulinariya/120863091647/,120863091647
https://yandex.ru/maps/org/harat_s_pub/62538565244/,62538565244
https://yandex.ru/maps/org/hookahplace_360/183402234023/,183402234023
https://yandex.ru/maps/org/imperiya_sushi/30954001023/,30954001023
https://yandex.ru/maps/org/indian_delight/43981603208/,43981603208
https://yandex.ru/maps/org/kafe_39/192965550520/,192965550520
https://yandex.ru/maps/org/kafe_lefortovo/103983017996/,103983017996
https://yandex.ru/maps/org/khlebnitsa/130421777545/,130421777545
https://yandex.ru/maps/org/kofemaniya/13006259131/,13006259131
https://yandex.ru/maps/org/kofeynya/71098435289/,71098435289
https://yandex.ru/maps/org/kolskiy/221241933225/,221241933225
https://yandex.ru/maps/org/kulinariya/1174821965/,1174821965
https://yandex.ru/maps/org/lapshoff/220795786402/,220795786402
https://yandex.ru/maps/org/leclick/178229390035/,178229390035
https://yandex.ru/maps/org/lefort/103403793568/,103403793568
https://yandex.ru/maps/org/lya_fantazi/1588969045/,1588969045
https://yandex.ru/maps/org/lya_fantazi/41203608439/,41203608439
https://yandex.ru/maps/org/mangifera/34267049047/,34267049047
https://yandex.ru/maps/org/mango/164841707038/,164841707038
https://yandex.ru/maps/org/mao_tim/26723115552/,26723115552
https://yandex.ru/maps/org/milti/240478618116/,240478618116
https://yandex.ru/maps/org/mne_kak_vsegda/2373651938/,2373651938
https://yandex.ru/maps/org/monte_lounge/223020722745/,223020722745
https://yandex.ru/maps/org/myata_lounge/215684580912/,215684580912
https://yandex.ru/maps/org/na_smirnovskoy_25/29228641618/,29228641618
https://yandex.ru/maps/org/nang/181126795940/,181126795940
https://yandex.ru/maps/org/onstage/161832305321/,161832305321
https://yandex.ru/maps/org/osetinskiye_pirogi_ot_madiny/50170961126/,50170961126
https://yandex.ru/maps/org/osetinskiye_pirogi_ot_miry/15081373581/,15081373581
https://yandex.ru/maps/org/osh/81143079646/,81143079646
https://yandex.ru/maps/org/oyna_sh_k_d_m/199892848665/,199892848665
https://yandex.ru/maps/org/pekarnya_pirogov/53186017817/,53186017817
https://yandex.ru/maps/org/pelmeshka/159720102477/,159720102477
https://yandex.ru/maps/org/pho_chi_minh/231950296764/,231950296764
https://yandex.ru/maps/org/pitstsafabrika_tsifrovaya_pitstseriya/34796239811/,34796239811
https://yandex.ru/maps/org/pitstseriya/88991071033/,88991071033
https://yandex.ru/maps/org/planeta_sushi/119351062256/,119351062256
https://yandex.ru/maps/org/pravilnyye_rolly/106491568795/,106491568795
https://yandex.ru/maps/org/prostoyeda/218432987166/,218432987166
https://yandex.ru/maps/org/restoran/21479153685/,21479153685
https://yandex.ru/maps/org/restoran_barev/138804997991/,138804997991
https://yandex.ru/maps/org/ring/148190693926/,148190693926
https://yandex.ru/maps/org/roaster_coffee/61277080295/,61277080295
https://yandex.ru/maps/org/rolly_5/152434344607/,152434344607
https://yandex.ru/maps/org/rolly_xpress/38184619947/,38184619947
https://yandex.ru/maps/org/rosinter_restorants/128078249507/,128078249507
https://yandex.ru/maps/org/samarkand/11888920561/,11888920561
https://yandex.ru/maps/org/samarkand/234786475445/,234786475445
https://yandex.ru/maps/org/samarkand_siti/111855802420/,111855802420
https://yandex.ru/maps/org/samurai_sets/124623625429/,124623625429
https://yandex.ru/maps/org/shashlychny_dvor/37166552487/,37166552487
https://yandex.ru/maps/org/shashlychny_ray/90353962843/,90353962843
https://yandex.ru/maps/org/shashlyk_1/120161024865/,120161024865
https://yandex.ru/maps/org/shashlyk_granat_1/207237808730/,207237808730
https://yandex.ru/maps/org/shashlyk_offprice/170257426261/,170257426261
https://yandex.ru/maps/org/shashlyki_khinkali/136450789881/,136450789881
https://yandex.ru/maps/org/shaurma/169857299357/,169857299357
https://yandex.ru/maps/org/shaurma_24/186385242480/,186385242480
https://yandex.ru/maps/org/shaurmakhaus/39194072257/,39194072257
https://yandex.ru/maps/org/shef/232749681301/,232749681301
https://yandex.ru/maps/org/tacoland/189720639481/,189720639481
https://yandex.ru/maps/org/tacos_burritos_burgers_house/215904713283/,215904713283
https://yandex.ru/maps/org/take_and_wake_coffee_co/127313611491/,127313611491
https://yandex.ru/maps/org/takumi_tsunami_sushi/132757072629/,132757072629
https://yandex.ru/maps/org/tbilisi/185636737993/,185636737993
https://yandex.ru/maps/org/teremok/112497930139/,112497930139
https://yandex.ru/maps/org/territoriya_bar/208744152735/,208744152735
https://yandex.ru/maps/org/the_grape/114778146994/,114778146994
https://yandex.ru/maps/org/top_shashlykov/144246737708/,144246737708
https://yandex.ru/maps/org/transpitstsa/230747484143/,230747484143
https://yandex.ru/maps/org/u_palycha/1082036654/,1082036654
https://yandex.ru/maps/org/u_palycha/1883407133/,1883407133
https://yandex.ru/maps/org/ugolok/156513723971/,156513723971
https://yandex.ru/maps/org/veranda/176868047578/,176868047578
https://yandex.ru/maps/org/viktoriya/1214368998/,1214368998
https://yandex.ru/maps/org/vkus_i_losos/61765676554/,61765676554
https://yandex.ru/maps/org/vkus_vostoka/223146146763/,223146146763
https://yandex.ru/maps/org/vkusnaya_yeda/230606364206/,230606364206
https://yandex.ru/maps/org/vostok_ryadom/128362126075/,128362126075
https://yandex.ru/maps/org/vypechka_ot_eliny/200811027066/,200811027066
https://yandex.ru/maps/org/yanis/1191833945/,1191833945
https://yandex.ru/maps/org/yeda_kak_doma/58902938736/,58902938736
https://yandex.ru/maps/org/yeshberi/21241130703/,21241130703
https://yandex.ru/maps/org/zdraste/29846805566/,29846805566
https://yandex.ru/maps/org/alpen_khoff/72491443811/,72491443811
https://yandex.ru/maps/org/ani/1203356800/,1203356800
https://yandex.ru/maps/org/annenfeld/1027432904/,1027432904
https://yandex.ru/maps/org/araratskaya_dolina/168926119981/,168926119981
https://yandex.ru/maps/org/ariana/1121238653/,1121238653
https://yandex.ru/maps/org/avtograf/1110916434/,1110916434
https://yandex.ru/maps/org/bashnya/1021756093/,1021756093
https://yandex.ru/maps/org/batoni/76089568001/,76089568001
https://yandex.ru/maps/org/beller/130888443844/,130888443844
https://yandex.ru/maps/org/beverly_hills_diner/91518342995/,91518342995
https://yandex.ru/maps/org/blan_de_blan/1156995367/,1156995367
https://yandex.ru/maps/org/blond_bryun/33186402791/,33186402791
https://yandex.ru/maps/org/bon_app_cafe/9478118831/,9478118831
https://yandex.ru/maps/org/botanika/20058167273/,20058167273
https://yandex.ru/maps/org/bruder/1214002986/,1214002986
https://yandex.ru/maps/org/bryus_bar/1784163059/,1784163059
https://yandex.ru/maps/org/bunker_42/1259337376/,1259337376
https://yandex.ru/maps/org/chainaya_tea_cocktails/110581812780/,110581812780
https://yandex.ru/maps/org/chanakhi/1064508552/,1064508552
https://yandex.ru/maps/org/chashki/239461567523/,239461567523
https://yandex.ru/maps/org/cherdak/1737174407/,1737174407
https://yandex.ru/maps/org/chesterfild/1065849154/,1065849154
https://yandex.ru/maps/org/chistaya_liniya/196123729164/,196123729164
https://yandex.ru/maps/org/connolly_station/1705556639/,1705556639
https://yandex.ru/maps/org/crazy_brothers/101542783411/,101542783411
https://yandex.ru/maps/org/dorogaya_ya_perezvonyu/133530664823/,133530664823
https://yandex.ru/maps/org/dyushes/1177503476/,1177503476
https://yandex.ru/maps/org/dzheremis_lounge/107718786504/,107718786504
https://yandex.ru/maps/org/ekspromt/1098752831/,1098752831
https://yandex.ru/maps/org/el_i_lager/1878292419/,1878292419
https://yandex.ru/maps/org/flotiliya_redisson_royal/100082033200/,100082033200
https://yandex.ru/maps/org/genatsvale_na_arbate/1132553455/,1132553455
https://yandex.ru/maps/org/il_borgo/1150042337/,1150042337
https://yandex.ru/maps/org/il_patio/235832813899/,235832813899
https://yandex.ru/maps/org/irlandskiy_pab_silvers/1466478515/,1466478515
https://yandex.ru/maps/org/karl_balling/1062346634/,1062346634
https://yandex.ru/maps/org/klashter/74301015893/,74301015893
https://yandex.ru/maps/org/konor_mak_nessa/208741704404/,208741704404
https://yandex.ru/maps/org/korobok/239629303594/,239629303594
https://yandex.ru/maps/org/kot_shryodingera/1720143855/,1720143855
https://yandex.ru/maps/org/kross_keys_pab/1712925260/,1712925260
https://yandex.ru/maps/org/kuku_muku/181246777823/,181246777823
https://yandex.ru/maps/org/kvartira_44/181341690685/,181341690685
https://yandex.ru/maps/org/la_spezia/1154485823/,1154485823
https://yandex.ru/maps/org/laffa_laffa/1335649965/,1335649965
https://yandex.ru/maps/org/let_s_rock_bar/1291476584/,1291476584
https://yandex.ru/maps/org/liberti/1367334098/,1367334098
https://yandex.ru/maps/org/lozhechka/20652000034/,20652000034
https://yandex.ru/maps/org/martinez/1078006564/,1078006564
https://yandex.ru/maps/org/maxlevel/42171951099/,42171951099
https://yandex.ru/maps/org/mesopotamia/9982316098/,9982316098
https://yandex.ru/maps/org/moskva/1181555016/,1181555016
https://yandex.ru/maps/org/muse/10686758642/,10686758642
https://yandex.ru/maps/org/na_novoy_volne/1072966250/,1072966250
https://yandex.ru/maps/org/o_connell_s_pub/69360682104/,69360682104
https://yandex.ru/maps/org/o_donoghue_s/1753609545/,1753609545
https://yandex.ru/maps/org/olive/231659368920/,231659368920
https://yandex.ru/maps/org/pab_2_2/162321151931/,162321151931
https://yandex.ru/maps/org/paladin/1181146192/,1181146192
https://yandex.ru/maps/org/palmira/1451150212/,1451150212
https://yandex.ru/maps/org/pekhorka/1092925426/,1092925426
https://yandex.ru/maps/org/pikkolo_amore/238626326706/,238626326706
https://yandex.ru/maps/org/pinocchio/1032623659/,1032623659
https://yandex.ru/maps/org/pion/237487529680/,237487529680
https://yandex.ru/maps/org/pitcher/117139805683/,117139805683
https://yandex.ru/maps/org/plaza_garden_cafe/1125410995/,1125410995
https://yandex.ru/maps/org/punch_judy_pub/1325508747/,1325508747
https://yandex.ru/maps/org/restoran_zenino/115772425791/,115772425791
https://yandex.ru/maps/org/reynbou_pab/1114671358/,1114671358
https://yandex.ru/maps/org/russkiy_pab/89506139800/,89506139800
https://yandex.ru/maps/org/sally_o_brien_s/1099238703/,1099238703
https://yandex.ru/maps/org/sanpol/56727810564/,56727810564
https://yandex.ru/maps/org/saperavi_cafe/1070256757/,1070256757
https://yandex.ru/maps/org/shokolad/1072581087/,1072581087
https://yandex.ru/maps/org/sidr/1011179343/,1011179343
https://yandex.ru/maps/org/smits/106843780106/,106843780106
https://yandex.ru/maps/org/st_peters_st_anton/1031709419/,1031709419
https://yandex.ru/maps/org/sultan/1209502175/,1209502175
https://yandex.ru/maps/org/syto_pyano/1139914508/,1139914508
https://yandex.ru/maps/org/tgi_fridays/1060718361/,1060718361
https://yandex.ru/maps/org/tgi_fridays/61280440688/,61280440688
https://yandex.ru/maps/org/topaz/1162790790/,1162790790
https://yandex.ru/maps/org/town_house/1302250890/,1302250890
https://yandex.ru/maps/org/varenichnaya_1/39753170784/,39753170784
https://yandex.ru/maps/org/vasilchuki_chaihona_1/184752938649/,184752938649
https://yandex.ru/maps/org/verdi/1164433730/,1164433730
https://yandex.ru/maps/org/vinil/72305535194/,72305535194
https://yandex.ru/maps/org/vinny_bazar/1780621497/,1780621497
https://yandex.ru/maps/org/yakitoriya/1199069682/,1199069682
https://yandex.ru/maps/org/yuzhny_dvorik/1062990340/,1062990340
https://yandex.ru/maps/org/zhan_zhak/1006132641/,1006132641
https://yandex.ru/maps/org/zolberg/24466940993/,24466940993
https://yandex.ru/maps/org/adzhikinezhal/171645281381/,171645281381
https://yandex.ru/maps/org/amnyamych/113596397374/,113596397374
https://yandex.ru/maps/org/ansar/71100023450/,71100023450
https://yandex.ru/maps/org/azerbaydzhanskaya_kukhnya/182591856604/,182591856604
https://yandex.ru/maps/org/bb_burgers/75832688434/,75832688434
https://yandex.ru/maps/org/berlinskiy_dvorik/195802949670/,195802949670
https://yandex.ru/maps/org/beverly_lounge/3962889948/,3962889948
https://yandex.ru/maps/org/bon_bon_berry/156386962418/,156386962418
https://yandex.ru/maps/org/burger_house/98047372000/,98047372000
https://yandex.ru/maps/org/chaykhana/150315485670/,150315485670
https://yandex.ru/maps/org/chaykhana/201887574110/,201887574110
https://yandex.ru/maps/org/chaykhana/55812064186/,55812064186
https://yandex.ru/maps/org/chaykhana_kavsar/44004692894/,44004692894
https://yandex.ru/maps/org/chaykhana_limon/181169745616/,181169745616
https://yandex.ru/maps/org/chester/145099394904/,145099394904
https://yandex.ru/maps/org/chestnaya_ryba/151018254895/,151018254895
https://yandex.ru/maps/org/chetyre_syra/105164934738/,105164934738
https://yandex.ru/maps/org/dagestanskaya_lavka/80352018279/,80352018279
https://yandex.ru/maps/org/domashnyaya_kulinariya/116846760238/,116846760238
https://yandex.ru/maps/org/doner_bistro/141502132043/,141502132043
https://yandex.ru/maps/org/doner_kebab/1750603681/,1750603681
https://yandex.ru/maps/org/dostavka_vkusnogo_shashlyka/43071566882/,43071566882
https://yandex.ru/maps/org/faiza/31435530134/,31435530134
https://yandex.ru/maps/org/farsh/124722734862/,124722734862
https://yandex.ru/maps/org/food_taxi/192487887259/,192487887259
https://yandex.ru/maps/org/frank_by_basta/138400210820/,138400210820
https://yandex.ru/maps/org/franklins_burger/45696042349/,45696042349
https://yandex.ru/maps/org/fresh_doner/177961505744/,177961505744
https://yandex.ru/maps/org/frono_pizza/79747626919/,79747626919
https://yandex.ru/maps/org/frunze/30838557281/,30838557281
https://yandex.ru/maps/org/gagawa/26278627686/,26278627686
https://yandex.ru/maps/org/govyadina/53762739123/,53762739123
https://yandex.ru/maps/org/gudman/16336481710/,16336481710
https://yandex.ru/maps/org/gusar/56156168132/,56156168132
https://yandex.ru/maps/org/hot_dogs_club_khalyal/214977773382/,214977773382
https://yandex.ru/maps/org/il_patio/1633612144/,1633612144
https://yandex.ru/maps/org/imperiya_pitstsy/40966595696/,40966595696
https://yandex.ru/maps/org/istanbul_kebab/244839032314/,244839032314
https://yandex.ru/maps/org/kafe/51010425807/,51010425807
https://yandex.ru/maps/org/kakhetiya/157818549331/,157818549331
https://yandex.ru/maps/org/kamera_obskura_kofe/9547282162/,9547282162
https://yandex.ru/maps/org/karavan/190994640719/,190994640719
https://yandex.ru/maps/org/khinkali/22445269344/,22445269344
https://yandex.ru/maps/org/khlebnitsa/19859144862/,19859144862
https://yandex.ru/maps/org/khochu_shashlyk_khochu_shaurmu/214015257261/,214015257261
https://yandex.ru/maps/org/kolbasoff/213602715597/,213602715597
https://yandex.ru/maps/org/kolos/137839530778/,137839530778
https://yandex.ru/maps/org/kvin_laundzh/140666779312/,140666779312
https://yandex.ru/maps/org/lale_sultan/146618820347/,146618820347
https://yandex.ru/maps/org/lavka_pirogov/137590008530/,137590008530
https://yandex.ru/maps/org/lazzat_house/99167087185/,99167087185
https://yandex.ru/maps/org/lobbi_bar/242400692872/,242400692872
https://yandex.ru/maps/org/mamina_pitstsa/61243744596/,61243744596
https://yandex.ru/maps/org/manny_s_burger/45083193963/,45083193963
https://yandex.ru/maps/org/merani/162197294948/,162197294948
https://yandex.ru/maps/org/mezhdu_bulok/235928064953/,235928064953
https://yandex.ru/maps/org/mi_li/62014046768/,62014046768
https://yandex.ru/maps/org/milos/70073813618/,70073813618
https://yandex.ru/maps/org/milti/210655460192/,210655460192
https://yandex.ru/maps/org/mimi/101070813668/,101070813668
https://yandex.ru/maps/org/moremaniya/139014225254/,139014225254
https://yandex.ru/maps/org/moskwa/31655727858/,31655727858
https://yandex.ru/maps/org/msk_lounge/9866064383/,9866064383
https://yandex.ru/maps/org/myata_lounge/13311655495/,13311655495
https://yandex.ru/maps/org/myata_lounge/230939464573/,230939464573
https://yandex.ru/maps/org/myata_lounge/233216393450/,233216393450
https://yandex.ru/maps/org/mybox/222434514586/,222434514586
https://yandex.ru/maps/org/na_shampure_verteli/129750364564/,129750364564
https://yandex.ru/maps/org/nash_ochag/56704042132/,56704042132
https://yandex.ru/maps/org/nastoishnaya_u_soseda/161443777061/,161443777061
https://yandex.ru/maps/org/noba/92435714092/,92435714092
https://yandex.ru/maps/org/odzhakhuri/222507183514/,222507183514
https://yandex.ru/maps/org/ogni_baku/1192277179/,1192277179
https://yandex.ru/maps/org/osh_by_uryuk/239347778534/,239347778534
https://yandex.ru/maps/org/osteria_mario/38983118088/,38983118088
https://yandex.ru/maps/org/oysi/121484480018/,121484480018
https://yandex.ru/maps/org/papa_zharit_myaso/133417709080/,133417709080
https://yandex.ru/maps/org/pauza/221876474796/,221876474796
https://yandex.ru/maps/org/pitstsa_sushi_aisha/135710362661/,135710362661
https://yandex.ru/maps/org/plov_lagman/125595811264/,125595811264
https://yandex.ru/maps/org/plovberi/182435395221/,182435395221
https://yandex.ru/maps/org/plovdom/54397849164/,54397849164
https://yandex.ru/maps/org/plyushki_podruzhki/150914802692/,150914802692
https://yandex.ru/maps/org/podvodnaya_bratva/135973406227/,135973406227
https://yandex.ru/maps/org/pyaterochka_kukhnya/3576800039/,3576800039
https://yandex.ru/maps/org/sayonara_sushi_premium/126278648272/,126278648272
https://yandex.ru/maps/org/set_dostavka/3666674492/,3666674492
https://yandex.ru/maps/org/shashlychnaya/86981483422/,86981483422
https://yandex.ru/maps/org/shashlyk_promaks/88591432784/,88591432784
https://yandex.ru/maps/org/shaurma/29579980959/,29579980959
https://yandex.ru/maps/org/shaurma_khalyal/69596006838/,69596006838
https://yandex.ru/maps/org/shaurma_shashlyk/40974484229/,40974484229
https://yandex.ru/maps/org/shaurma_siti/164919802836/,164919802836
https://yandex.ru/maps/org/shikari/5827970730/,5827970730
https://yandex.ru/maps/org/shpaten_khaus/138299382645/,138299382645
https://yandex.ru/maps/org/shu_shu/234494606141/,234494606141
https://yandex.ru/maps/org/shvedskiy_stol/30452173054/,30452173054
https://yandex.ru/maps/org/sokrovishche/174617873070/,174617873070
https://yandex.ru/maps/org/solntse_plaza/1092801067/,1092801067
https://yandex.ru/maps/org/sparta_chill_bar/17034844320/,17034844320
https://yandex.ru/maps/org/sudak/7304372335/,7304372335
https://yandex.ru/maps/org/sulo_gulo/78874663057/,78874663057
https://yandex.ru/maps/org/sup_tom_yam/198482090680/,198482090680
https://yandex.ru/maps/org/sushi_market/214624039982/,214624039982
https://yandex.ru/maps/org/sushi_plyus/166970874371/,166970874371
https://yandex.ru/maps/org/symphony/77514573535/,77514573535
https://yandex.ru/maps/org/syrovarnya/242186196308/,242186196308
https://yandex.ru/maps/org/taksim/21129369732/,21129369732
https://yandex.ru/maps/org/tandyrnaya_1/77499551273/,77499551273
https://yandex.ru/maps/org/tantra_lounge_bar/129026126656/,129026126656
https://yandex.ru/maps/org/tanuki/245632784678/,245632784678
https://yandex.ru/maps/org/tashkent/215848473098/,215848473098
https://yandex.ru/maps/org/tazhin_kasablanka/229508851941/,229508851941
https://yandex.ru/maps/org/tbilisi/123669053055/,123669053055
https://yandex.ru/maps/org/terrasa/70796575173/,70796575173
https://yandex.ru/maps/org/territoriya/1368195039/,1368195039
https://yandex.ru/maps/org/tgi_fridays/157403435664/,157403435664
https://yandex.ru/maps/org/tsar_shashlyk_1/105667765564/,105667765564
https://yandex.ru/maps/org/u_dzhulyetty/169906121216/,169906121216
https://yandex.ru/maps/org/u_palycha/1017692843/,1017692843
https://yandex.ru/maps/org/u_palycha/1209155776/,1209155776
https://yandex.ru/maps/org/ugor_sushi_bar/91040584951/,91040584951
https://yandex.ru/maps/org/verny/181607178932/,181607178932
https://yandex.ru/maps/org/vkus_dagestana/175189110273/,175189110273
https://yandex.ru/maps/org/vkus_indii/162619902239/,162619902239
https://yandex.ru/maps/org/vyet_fo/169424751229/,169424751229
https://yandex.ru/maps/org/vyetkafe/194155237034/,194155237034
https://yandex.ru/maps/org/ya_lyublyu_khinkali/25247254131/,25247254131
https://yandex.ru/maps/org/ya_lyublyu_shashlyk/214931775032/,214931775032
https://yandex.ru/maps/org/yakitoriya/194071889936/,194071889936
https://yandex.ru/maps/org/yakudza/15236861405/,15236861405
https://yandex.ru/maps/org/yuzhnaya_noch/69639607685/,69639607685
